rollout/ep_rew_mean,rollout/ep_len_mean,time/total_timesteps,time/time_elapsed,time/episodes,time/fps
-78.5,3.0,6,0,2,12
-39.25,2.0,8,0,4,11
-57.666666666666664,2.5,15,1,6,12
-64.75,2.625,21,1,8,13
-67.0,2.7,27,2,10,13
-70.66666666666667,2.75,33,2,12,13
-64.85714285714286,2.642857142857143,37,2,14,13
-65.625,2.625,42,3,16,13
-61.111111111111114,2.4444444444444446,44,3,18,13
-60.7,2.4,48,3,20,13
-62.63636363636363,2.3636363636363638,52,3,22,13
-63.791666666666664,2.4166666666666665,58,4,24,12
-63.11538461538461,2.3846153846153846,62,4,26,12
-60.392857142857146,2.2857142857142856,64,5,28,12
-60.13333333333333,2.2666666666666666,68,5,30,12
-56.375,2.1875,70,5,32,12
-53.05882352941177,2.1176470588235294,72,5,34,12
-54.333333333333336,2.1666666666666665,78,6,36,11
-53.05263157894737,2.1578947368421053,82,6,38,11
-50.4,2.1,84,7,40,11
-50.666666666666664,2.0952380952380953,88,7,42,11
-50.18181818181818,2.0681818181818183,91,7,44,11
-48.630434782608695,2.0434782608695654,94,8,46,11
-48.3125,2.0208333333333335,97,8,48,11
874.6296997070312,-48.06,2.04,0.0,0.0003,102,-0.6203164458274841,5,50,0,1.0,1
715.8209838867188,-50.13461538461539,2.0961538461538463,-0.0035318753216415644,0.0003,109,-0.22879409790039062,8,52,1,0.9979022741317749,8
744.1149291992188,-50.851851851851855,2.111111111111111,-0.006035728380084038,0.0003,114,0.07547340542078018,8,54,1,0.9964069128036499,13
831.2138061523438,-52.642857142857146,2.142857142857143,-0.009129445068538189,0.0003,120,0.4651811122894287,9,56,2,0.9946157932281494,19
837.1373291015625,-51.689655172413794,2.103448275862069,-0.010099589824676514,0.0003,122,0.6086071729660034,8,58,2,0.9940187335014343,21
804.3092651367188,-52.03333333333333,2.1333333333333333,-0.013023043051362038,0.0003,128,1.046910285949707,8,60,3,0.9922292232513428,27
714.3360595703125,-53.38709677419355,2.1774193548387095,-0.016380295157432556,0.0003,135,1.6854876279830933,8,62,4,0.990146815776825,34
738.8397216796875,-52.984375,2.15625,-0.01810302957892418,0.0003,138,1.9243052005767822,8,64,4,0.9892573356628418,37
690.6751708984375,-52.621212121212125,2.1363636363636362,-0.01953788474202156,0.0003,141,2.2133994102478027,8,66,4,0.988369345664978,40
750.8744506835938,-51.80882352941177,2.1029411764705883,-0.020469224080443382,0.0003,143,2.4550514221191406,8,68,5,0.9877780675888062,42
694.1928100585938,-53.22857142857143,2.1285714285714286,-0.023535629734396935,0.0003,149,3.141649007797241,8,70,5,0.9860079884529114,48
709.173828125,-54.27777777777778,2.1666666666666665,-0.02652660943567753,0.0003,156,4.055768966674805,8,72,6,0.9839528799057007,55
711.90283203125,-55.2972972972973,2.2027027027027026,-0.02913045883178711,0.0003,163,5.059370994567871,8,74,7,0.9819160103797913,62
653.5240478515625,-54.5,2.1710526315789473,-0.02999643050134182,0.0003,165,5.3355607986450195,8,76,7,0.9813386797904968,64
618.7078857421875,-55.05128205128205,2.1923076923076925,-0.03289549797773361,0.0003,171,6.3267059326171875,8,78,8,0.9796165823936462,70
562.156982421875,-54.7,2.175,-0.03483591973781586,0.0003,174,6.806028366088867,8,80,9,0.978760838508606,73
588.2805786132812,-54.47560975609756,2.182926829268293,-0.035003893077373505,0.0003,179,7.8565521240234375,8,82,9,0.9773390293121338,78
474.42742919921875,-56.773809523809526,2.238095238095238,-0.0384109765291214,0.0003,188,9.602265357971191,8,84,10,0.9748201370239258,87
496.15301513671875,-55.825581395348834,2.2209302325581395,-0.038874171674251556,0.0003,191,10.30744457244873,7,86,11,0.9739918112754822,90
469.52899169921875,-56.32954545454545,2.2386363636363638,-0.03999177739024162,0.0003,197,11.592087745666504,7,88,12,0.9723584055900574,96
420.2989196777344,-57.166666666666664,2.2666666666666666,-0.042717546224594116,0.0003,204,13.211528778076172,6,90,0,0.9704974293708801,103
358.8216857910156,-56.90217391304348,2.2717391304347827,-0.04280312731862068,0.0003,209,14.487829208374023,6,92,1,0.969193696975708,108
395.2308044433594,-57.297872340425535,2.2872340425531914,-0.045252181589603424,0.0003,215,15.958868980407715,6,94,2,0.9676573872566223,114
315.87042236328125,-58.739583333333336,2.3333333333333335,-0.045490413904190063,0.0003,224,17.94882583618164,6,96,3,0.9653989672660828,123
290.306396484375,-57.83673469387755,2.316326530612245,-0.04625095799565315,0.0003,227,18.475622177124023,6,98,4,0.9646586775779724,126
324.6797180175781,-57.0,2.3,-0.04702884331345558,0.0003,230,19.194202423095703,6,100,4,0.9639260172843933,129
256.42578125,-57.11,2.3,-0.04679408669471741,0.0003,236,20.656206130981445,6,102,5,0.9624808430671692,135
288.4600524902344,-57.43,2.31,-0.04757930338382721,0.0003,239,21.12881851196289,6,104,6,0.9617632031440735,138
265.8675842285156,-56.97,2.29,-0.046843379735946655,0.0003,244,22.12921714782715,6,106,6,0.960567831993103,143
255.48719787597656,-56.81,2.29,-0.04956488311290741,0.0003,250,22.921615600585938,6,108,7,0.959153950214386,149
252.83126831054688,-57.95,2.31,-0.0511997826397419,0.0003,258,23.91851043701172,6,110,8,0.957313597202301,157
243.31878662109375,-56.67,2.27,-0.05336800962686539,0.0003,260,24.164087295532227,6,112,9,0.9568630456924438,159
240.1573944091797,-56.38,2.26,-0.04973063990473747,0.0003,263,24.366622924804688,6,114,9,0.956187903881073,162
250.6875,-55.54,2.25,-0.04569949954748154,0.0003,267,24.81233787536621,6,116,10,0.9553034901618958,166
255.94644165039062,-55.85,2.26,-0.04953375458717346,0.0003,270,24.901094436645508,6,118,11,0.9546557068824768,169
255.71286010742188,-56.41,2.28,-0.049973178654909134,0.0003,276,25.49775505065918,6,120,12,0.9533726572990417,175
269.9098205566406,-55.07,2.27,-0.046616777777671814,0.0003,279,25.41170310974121,6,122,12,0.9527435302734375,178
235.73216247558594,-54.08,2.25,-0.04592844098806381,0.0003,283,25.53675651550293,6,124,13,0.9519328474998474,182
280.53802490234375,-52.98,2.23,-0.04125342518091202,0.0003,285,25.592823028564453,6,126,14,0.9515401124954224,184
235.9530487060547,-52.98,2.23,-0.04512981325387955,0.0003,287,25.931610107421875,6,128,14,0.9511560201644897,186
251.68690490722656,-52.35,2.21,-0.046194568276405334,0.0003,289,25.868186950683594,5,130,14,0.9507738351821899,188
290.9945068359375,-52.85,2.21,-0.04559255391359329,0.0003,291,25.662633895874023,5,132,15,0.9503918886184692,190
276.48883056640625,-53.85,2.21,-0.04111504554748535,0.0003,293,25.746841430664062,5,134,15,0.9500114321708679,192
327.8497009277344,-52.33,2.17,-0.0410052165389061,0.0003,295,25.776187896728516,5,136,16,0.9496362209320068,194
292.90948486328125,-52.23,2.15,-0.03388003632426262,0.0003,297,25.881729125976562,5,138,16,0.9492667317390442,196
319.0609130859375,-52.49,2.16,-0.03627835586667061,0.0003,300,25.898996353149414,5,140,17,0.9487340450286865,199
296.0220947265625,-51.62,2.15,-0.04072805494070053,0.0003,303,26.05168914794922,4,142,0,0.9482287168502808,202
322.3515625,-52.6,2.19,-0.03566734492778778,0.0003,310,26.004779815673828,5,144,1,0.9470861554145813,209
306.6230773925781,-52.81,2.18,-0.03942347317934036,0.0003,312,26.14703369140625,4,146,2,0.9467681646347046,211
310.8027648925781,-52.8,2.18,-0.033482760190963745,0.0003,315,26.028614044189453,5,148,2,0.9463026523590088,214
354.926025390625,-54.15,2.21,-0.03701630234718323,0.0003,323,25.944534301757812,5,150,4,0.9451354146003723,222
316.2799377441406,-52.11,2.16,-0.025182247161865234,0.0003,325,26.467758178710938,5,152,4,0.9448510408401489,224
293.726318359375,-50.97,2.14,-0.02494640275835991,0.0003,328,26.561866760253906,5,154,5,0.9444475769996643,227
334.37506103515625,-49.22,2.11,-0.028988707810640335,0.0003,331,26.296039581298828,4,156,6,0.9440693855285645,230
293.01678466796875,-48.72,2.11,-0.030932527035474777,0.0003,333,26.570842742919922,4,158,6,0.9438246488571167,232
324.6996765136719,-47.48,2.07,-0.03381207212805748,0.0003,335,26.404834747314453,4,160,7,0.9435799717903137,234
284.0141906738281,-46.16,2.04,-0.024641988798975945,0.0003,339,26.571611404418945,4,162,8,0.9430902004241943,238
345.1647033691406,-45.85,2.03,-0.027050761505961418,0.0003,341,26.390071868896484,4,164,8,0.9428548812866211,240
407.16021728515625,-45.32,2.03,-0.023882362991571426,0.0003,344,25.65795135498047,4,166,9,0.9425105452537537,243
339.1545104980469,-45.61,2.04,-0.02190205454826355,0.0003,347,26.003000259399414,4,168,10,0.9421824812889099,246
359.4833984375,-44.08,2.0,-0.025925245136022568,0.0003,349,26.18954849243164,4,170,10,0.9419746994972229,248
364.72515869140625,-42.55,1.96,-0.02705708146095276,0.0003,352,26.02461814880371,4,172,11,0.9416744709014893,251
358.45361328125,-41.21,1.91,-0.022648289799690247,0.0003,354,25.966873168945312,4,174,12,0.941478431224823,253
379.6605529785156,-40.71,1.91,-0.020248625427484512,0.0003,356,26.008970260620117,4,176,12,0.9412879347801208,255
369.61181640625,-39.19,1.87,-0.02241835743188858,0.0003,358,26.06157875061035,4,178,13,0.9411057233810425,257
385.35943603515625,-38.62,1.87,-0.022568289190530777,0.0003,361,25.94918441772461,4,180,14,0.9408370852470398,260
400.97149658203125,-38.71,1.84,-0.016290094703435898,0.0003,363,25.74591064453125,4,182,14,0.9406567811965942,262
369.65679931640625,-36.45,1.78,-0.008395029231905937,0.0003,366,25.929903030395508,4,184,15,0.9404011964797974,265
354.1396484375,-37.13,1.77,-0.004948480986058712,0.0003,368,26.234710693359375,4,186,15,0.9402497410774231,267
342.2034912109375,-36.36,1.74,-0.01300231833010912,0.0003,371,26.169084548950195,4,188,16,0.9400535821914673,270
396.06866455078125,-34.48,1.69,-0.01707351766526699,0.0003,373,25.64942741394043,4,190,16,0.9399269223213196,272
388.2076416015625,-33.58,1.66,-0.020929785445332527,0.0003,375,25.767248153686523,4,192,17,0.9397994875907898,274
345.4906311035156,-32.84,1.63,-0.014366919174790382,0.0003,378,25.885356903076172,4,194,18,0.9396029710769653,277
411.0343017578125,-31.67,1.59,-0.007569747045636177,0.0003,383,25.685543060302734,4,196,19,0.9393003582954407,282
457.0204772949219,-31.38,1.58,-0.013081813231110573,0.0003,385,25.430171966552734,4,198,19,0.9391920566558838,284
427.41461181640625,-31.06,1.57,-0.007438041735440493,0.0003,387,25.45294952392578,4,200,20,0.9390860199928284,286
454.01251220703125,-29.38,1.53,-0.014400486834347248,0.0003,389,25.51666259765625,4,202,21,0.9389893412590027,288
414.3192138671875,-29.56,1.52,-0.018246622756123543,0.0003,391,25.688560485839844,4,204,21,0.9388923048973083,290
428.04052734375,-28.92,1.5,-0.008336655795574188,0.0003,394,25.57441520690918,4,206,22,0.9387340545654297,293
442.56451416015625,-27.86,1.46,-0.01123782992362976,0.0003,396,25.70077133178711,4,208,23,0.9386306405067444,295
450.1361083984375,-25.96,1.41,-0.008588878437876701,0.0003,399,25.90826416015625,4,210,23,0.9384816884994507,298
360.48089599609375,-26.21,1.42,-0.007556036580353975,0.0003,402,25.949512481689453,3,212,0,0.9383425712585449,301
406.447021484375,-25.9,1.41,-0.007699848152697086,0.0003,404,25.99877166748047,3,214,1,0.93825763463974,303
411.38934326171875,-26.64,1.4,-0.008029468357563019,0.0003,407,25.81845474243164,3,216,1,0.9381429553031921,306
462.76824951171875,-26.64,1.4,-0.008370245806872845,0.0003,410,25.91756820678711,3,218,2,0.9380341172218323,309
434.439208984375,-24.94,1.36,-0.013141628354787827,0.0003,412,26.101032257080078,3,220,3,0.9379609823226929,311
491.10858154296875,-25.4,1.36,-0.008306661620736122,0.0003,415,26.066810607910156,3,222,4,0.9378481507301331,314
468.90679931640625,-25.36,1.34,-0.00595974363386631,0.0003,417,26.45433235168457,3,224,4,0.9377771019935608,316
439.5190734863281,-25.36,1.34,-0.014729025773704052,0.0003,419,26.810569763183594,3,226,5,0.9377090930938721,318
454.1693115234375,-24.86,1.34,-0.007669475860893726,0.0003,421,26.827136993408203,3,228,6,0.9376323223114014,320
470.48944091796875,-25.17,1.35,-0.008003301918506622,0.0003,424,26.800121307373047,3,230,7,0.9375133514404297,323
446.94097900390625,-24.92,1.36,-0.015598281286656857,0.0003,427,26.76401138305664,3,232,8,0.9373945593833923,326
471.1376647949219,-24.17,1.37,-0.003448092844337225,0.0003,430,26.844284057617188,3,234,9,0.9372745156288147,329
500.2892150878906,-25.17,1.37,-0.002173620741814375,0.0003,432,26.743867874145508,3,236,9,0.9372085332870483,331
476.5743713378906,-25.24,1.39,-0.0195296760648489,0.0003,436,26.896743774414062,3,238,10,0.9370942115783691,335
482.56329345703125,-25.24,1.39,-0.009663302451372147,0.0003,439,26.690841674804688,3,240,11,0.9369847178459167,338
470.32373046875,-25.27,1.39,-0.004981895908713341,0.0003,442,26.423076629638672,3,242,12,0.9368748664855957,341
466.0417785644531,-23.74,1.35,-0.0048199184238910675,0.0003,445,26.543415069580078,3,244,13,0.9367805123329163,344
436.3157653808594,-23.51,1.36,-0.013627898879349232,0.0003,448,26.761638641357422,3,246,14,0.9367001056671143,347
506.5338134765625,-22.7,1.35,-0.009866364300251007,0.0003,450,26.581600189208984,3,248,15,0.9366387128829956,349
496.28411865234375,-20.51,1.29,-0.007605890277773142,0.0003,452,26.60584259033203,3,250,16,0.9365689754486084,351
481.3819580078125,-20.51,1.29,-0.002529597608372569,0.0003,454,26.408222198486328,3,252,17,0.9364997744560242,353
497.2662048339844,-20.76,1.28,-0.0017544231377542019,0.0003,456,26.647518157958984,3,254,18,0.9364393353462219,355
489.58306884765625,-21.3,1.28,-0.0033634710125625134,0.0003,459,26.289325714111328,3,256,19,0.9363642930984497,358
500.91082763671875,-21.84,1.3,-0.014425178989768028,0.0003,463,26.169097900390625,3,258,20,0.9362810254096985,362
541.802734375,-22.1,1.31,-0.004085584543645382,0.0003,466,25.68277931213379,3,260,21,0.9362035393714905,365
492.947998046875,-21.83,1.3,-0.004159361589699984,0.0003,469,25.857629776000977,3,262,22,0.9361334443092346,368
515.9263916015625,-22.7,1.33,-0.0016878270544111729,0.0003,474,25.568023681640625,3,264,24,0.9360514879226685,373
535.712158203125,-22.7,1.33,-0.002635240089148283,0.0003,477,25.602691650390625,3,266,25,0.9360085725784302,376
549.8123168945312,-21.91,1.32,-0.002524038078263402,0.0003,479,25.73689842224121,3,268,26,0.9359776973724365,378
530.158447265625,-21.41,1.32,0.001016618451103568,0.0003,481,25.748947143554688,3,270,26,0.9359436631202698,380
490.51171875,-21.12,1.31,-0.0038421102799475193,0.0003,483,25.659420013427734,2,272,27,0.9359130859375,382
477.2654724121094,-21.38,1.32,0.0006034208927303553,0.0003,486,25.91356658935547,2,274,28,0.9358667135238647,385
496.3382568359375,-22.12,1.33,0.003523660358041525,0.0003,489,26.389995574951172,2,276,29,0.9358262419700623,388
471.8221435546875,-22.12,1.33,-0.0013684958685189486,0.0003,491,26.20986557006836,2,278,30,0.9358054399490356,390
539.7739868164062,-22.38,1.34,-0.0011841299710795283,0.0003,495,25.86225128173828,2,280,32,0.935767412185669,394
489.6504211425781,-21.38,1.34,0.004792478401213884,0.0003,497,25.709823608398438,2,282,33,0.9357463717460632,396
-21.72,1.35,501,0,284,2,,,,,,
-21.51,1.36,504,1,286,2,454.06378173828125,0.008309881202876568,0.0003,25.391326904296875,0.935695469379425,403
-20.97,1.36,507,2,288,2,507.0853271484375,0.0058790547773242,0.0003,25.272205352783203,0.9357001781463623,406
-21.97,1.36,509,3,290,2,505.1753234863281,0.007917323149740696,0.0003,25.356426239013672,0.935710072517395,408
-21.97,1.36,511,4,292,2,489.2582702636719,0.008745135739445686,0.0003,25.678176879882812,0.9357247352600098,410
-21.43,1.36,514,5,294,2,464.5452575683594,0.005135218612849712,0.0003,26.086013793945312,0.9357529878616333,413
-21.35,1.34,517,6,296,2,542.348876953125,0.003965550102293491,0.0003,26.01611328125,0.9357895851135254,416
-21.85,1.34,519,6,298,2,529.9537963867188,0.0049734702333807945,0.0003,26.07333755493164,0.9358230233192444,418
-22.33,1.36,523,8,300,2,554.8904418945312,0.0003708931617438793,0.0003,26.263076782226562,0.9358859062194824,422
-22.83,1.38,527,10,302,2,526.2686157226562,0.0060430471785366535,0.0003,26.78398895263672,0.9359164237976074,426
-22.83,1.38,529,10,304,2,533.1378173828125,0.0126983392983675,0.0003,26.827625274658203,0.9359357953071594,428
-22.79,1.38,532,11,306,2,558.33251953125,0.0005406478885561228,0.0003,26.873615264892578,0.9359819889068604,431
-22.29,1.38,534,12,308,2,521.176025390625,-0.0008194725960493088,0.0003,26.633535385131836,0.9360064268112183,433
-21.79,1.38,537,14,310,2,489.148193359375,0.008426791988313198,0.0003,26.748741149902344,0.9360330104827881,436
-21.52,1.39,541,15,312,2,533.9776000976562,-0.001281301025301218,0.0003,26.66732406616211,0.9360952973365784,440
-22.28,1.4,544,17,314,2,521.7815551757812,0.008658838458359241,0.0003,26.67599868774414,0.9361477494239807,443
-20.96,1.39,546,18,316,2,539.822021484375,-0.004019880201667547,0.0003,26.603778839111328,0.9361922740936279,445
-20.15,1.38,548,19,318,2,522.3253173828125,0.00329682813026011,0.0003,26.388254165649414,0.9362310171127319,447
-21.46,1.39,551,20,320,2,576.850341796875,0.007310035172849894,0.0003,26.526023864746094,0.9362842440605164,450
-21.46,1.39,554,21,322,2,565.3074951171875,0.014115887694060802,0.0003,26.430126190185547,0.9363499879837036,453
-20.96,1.39,556,22,324,2,514.384521484375,0.01097705215215683,0.0003,26.118144989013672,0.9364147782325745,455
-20.96,1.39,558,23,326,2,535.3676147460938,0.006488156504929066,0.0003,26.330232620239258,0.9364843964576721,457
-21.72,1.4,561,24,328,2,553.6712646484375,-0.00018839538097381592,0.0003,26.191062927246094,0.9365779757499695,460
-21.41,1.39,563,25,330,2,607.26904296875,-0.0018413665238767862,0.0003,26.152999877929688,0.9366272687911987,462
-21.66,1.38,565,26,332,2,512.669677734375,0.010388797149062157,0.0003,26.23295021057129,0.936669111251831,464
-21.67,1.38,568,27,334,2,546.184814453125,0.013632416725158691,0.0003,26.549158096313477,0.9367427229881287,467
-20.93,1.39,571,29,336,2,513.2781982421875,0.00792981218546629,0.0003,26.878765106201172,0.9368321895599365,470
-20.61,1.38,574,30,338,2,560.10595703125,-0.004339243751019239,0.0003,26.723745346069336,0.9369168281555176,473
-20.87,1.39,578,32,340,2,567.3826293945312,0.011271405965089798,0.0003,27.270851135253906,0.9370162487030029,477
-20.59,1.38,580,33,342,2,550.3626708984375,0.005204829387366772,0.0003,26.8162899017334,0.9370824694633484,479
-20.34,1.37,582,34,344,2,553.3765869140625,0.002458713948726654,0.0003,27.128334045410156,0.9371469020843506,481
-20.07,1.36,584,36,346,2,561.551513671875,0.01045975275337696,0.0003,26.977811813354492,0.9372074604034424,483
-20.32,1.37,587,37,348,2,599.056640625,0.006311964709311724,0.0003,26.80188751220703,0.9373130798339844,486
-20.32,1.37,589,38,350,2,565.2060546875,0.00398390693590045,0.0003,26.83650016784668,0.9373928308486938,488
-20.82,1.37,591,39,352,2,605.1217041015625,-0.0003931107930839062,0.0003,26.92998504638672,0.9374679327011108,490
-21.1,1.38,594,41,354,2,582.193603515625,0.015025567263364792,0.0003,26.759998321533203,0.9375595450401306,493
-20.81,1.39,598,43,356,2,568.4085083007812,0.009125263430178165,0.0003,27.02682113647461,0.9377075433731079,497
-20.52,1.38,601,0,358,1,,,,,,
-20.26,1.37,603,1,360,1,544.2427368164062,0.008342120796442032,0.0003,26.624317169189453,0.9378927946090698,502
-20.2,1.37,606,3,362,1,584.5886840820312,0.014105625450611115,0.0003,26.948291778564453,0.9379943609237671,505
-20.11,1.35,609,4,364,2,514.1708984375,0.01531366165727377,0.0003,27.062530517578125,0.9381205439567566,508
-20.32,1.36,613,6,366,2,567.7446899414062,0.0034451487008482218,0.0003,27.42291831970215,0.9383217692375183,512
-20.59,1.37,616,7,368,2,561.644287109375,0.010658331215381622,0.0003,26.97049331665039,0.9384740591049194,515
-21.36,1.38,619,9,370,2,580.98583984375,0.008144781924784184,0.0003,27.401721954345703,0.9386274814605713,518
-21.36,1.38,621,10,372,1,568.9071044921875,0.014858577400445938,0.0003,27.196142196655273,0.938731849193573,520
-20.6,1.37,623,11,374,1,652.2369384765625,0.010959981009364128,0.0003,26.994277954101562,0.9388429522514343,522
-19.86,1.36,625,13,376,1,582.69482421875,0.010745897889137268,0.0003,26.98957061767578,0.9389569759368896,524
-19.86,1.36,627,14,378,1,603.8308715820312,0.012704238295555115,0.0003,26.997404098510742,0.9390715956687927,526
-19.35,1.34,629,15,380,1,552.9449462890625,0.01001967303454876,0.0003,26.535247802734375,0.9391883611679077,528
-19.61,1.35,632,17,382,1,565.5828857421875,0.014192297123372555,0.0003,26.68612289428711,0.9393548369407654,531
-18.78,1.34,635,19,384,1,552.7642822265625,0.017715895548462868,0.0003,26.10751724243164,0.9395374059677124,534
-18.49,1.33,637,20,386,1,630.9451904296875,0.018089741468429565,0.0003,26.58899688720703,0.9396706819534302,536
-19.35,1.34,641,21,388,1,592.7062377929688,0.008801293559372425,0.0003,26.222415924072266,0.9399433732032776,540
-18.35,1.34,643,23,390,1,561.7718505859375,0.01955471932888031,0.0003,26.342130661010742,0.9400690793991089,542
-18.61,1.35,646,25,392,1,554.0833740234375,0.022217895835638046,0.0003,26.43792152404785,0.9402746558189392,545
-18.88,1.36,650,27,394,1,546.2343139648438,0.013824958354234695,0.0003,26.266464233398438,0.9405782222747803,549
-17.89,1.36,653,28,396,1,516.6484375,0.01401669904589653,0.0003,26.259750366210938,0.9407879114151001,552
-18.19,1.37,656,30,398,1,555.9110107421875,0.010175881907343864,0.0003,26.52106475830078,0.9409957528114319,555
-19.03,1.38,661,32,400,1,624.5579833984375,0.02092788554728031,0.0003,26.218008041381836,0.94133460521698,560
-19.03,1.36,663,33,402,1,616.1438598632812,0.020599976181983948,0.0003,26.361759185791016,0.9414834976196289,562
-21.1,1.41,670,36,404,1,589.2301025390625,0.018504705280065536,0.0003,27.018526077270508,0.9421118497848511,569
-20.6,1.41,673,37,406,1,568.5042724609375,0.02278273180127144,0.0003,27.32748031616211,0.9423918724060059,572
-21.64,1.43,677,39,408,1,636.0028686523438,0.0046756453812122345,0.0003,27.266704559326172,0.942796528339386,576
-21.38,1.42,679,41,410,1,597.6349487304688,0.0124368192628026,0.0003,27.408340454101562,0.9429818987846375,578
-21.41,1.42,683,43,412,1,572.522216796875,0.02277740277349949,0.0003,27.358448028564453,0.9433528780937195,582
-20.65,1.41,685,44,414,1,629.2041625976562,0.013155706226825714,0.0003,27.320980072021484,0.9435530304908752,584
-20.65,1.41,687,46,416,1,600.3071899414062,0.005287351086735725,0.0003,26.933181762695312,0.943752110004425,586
-20.65,1.41,689,47,418,1,632.0294189453125,0.01569116674363613,0.0003,27.097537994384766,0.9439388513565063,588
-19.34,1.4,691,49,420,1,566.1353759765625,0.021306609734892845,0.0003,26.710142135620117,0.9441289901733398,590
-18.58,1.39,693,50,422,1,590.6571044921875,0.014009853824973106,0.0003,26.603931427001953,0.9443331956863403,592
-18.58,1.39,695,52,424,1,602.4260864257812,0.014485050924122334,0.0003,26.65558433532715,0.9445399641990662,594
-18.58,1.39,697,53,426,1,592.8204956054688,0.010432552546262741,0.0003,26.483715057373047,0.9447477459907532,596
-18.1,1.39,700,55,428,1,593.1942138671875,0.00929058063775301,0.0003,26.445907592773438,0.9450516700744629,599
619.52392578125,-17.6,1.39,0.02389000728726387,0.0003,702,26.17458724975586,1,430,1,0.9452511668205261,601
511.57977294921875,-17.6,1.39,0.017640525475144386,0.0003,704,26.106325149536133,1,432,2,0.9454641938209534,603
581.3104248046875,-17.34,1.38,0.013367140665650368,0.0003,706,26.79815101623535,1,434,4,0.9456785917282104,605
565.794677734375,-18.54,1.4,0.020992575213313103,0.0003,711,26.11077880859375,1,436,6,0.9461919665336609,610
584.2409057617188,-18.29,1.39,0.018560441210865974,0.0003,713,26.39739418029785,1,438,8,0.9464101195335388,612
532.4522705078125,-17.77,1.37,0.02420899085700512,0.0003,715,26.12380599975586,1,440,9,0.9466363787651062,614
582.0735473632812,-17.77,1.37,0.013037475757300854,0.0003,717,26.21137046813965,1,442,11,0.9468730688095093,616
577.5460205078125,-18.06,1.38,0.02256016433238983,0.0003,720,26.64506721496582,1,444,13,0.9472165107727051,619
583.485107421875,-18.32,1.39,0.016010385006666183,0.0003,723,26.99030303955078,1,446,15,0.9475752711296082,622
600.7095947265625,-18.07,1.38,0.021340295672416687,0.0003,725,26.923999786376953,1,448,16,0.9478123784065247,624
609.3980712890625,-18.33,1.39,0.015445509925484657,0.0003,728,26.873830795288086,1,450,18,0.9481650590896606,627
571.7020874023438,-19.41,1.43,0.018478162586688995,0.0003,734,26.431270599365234,1,452,21,0.9488924741744995,633
554.0963745117188,-18.9,1.43,0.021409165114164352,0.0003,737,26.06623077392578,1,454,23,0.9492859840393066,636
575.7714233398438,-18.38,1.41,0.01735416054725647,0.0003,739,25.734539031982422,1,456,25,0.9495592713356018,638
644.4639892578125,-18.13,1.4,0.022690914571285248,0.0003,741,25.846675872802734,1,458,27,0.9498425126075745,640
591.64697265625,-18.13,1.4,0.018241439014673233,0.0003,743,25.344398498535156,1,460,28,0.9501388669013977,642
612.41748046875,-17.9,1.39,0.014813978224992752,0.0003,745,25.442394256591797,1,462,30,0.9504310488700867,644
560.084716796875,-16.88,1.39,0.022128552198410034,0.0003,748,25.457380294799805,1,464,32,0.9508429169654846,647
575.633056640625,-16.38,1.37,0.021856438368558884,0.0003,750,25.538312911987305,1,466,34,0.9511209726333618,649
604.6956787109375,-16.93,1.37,0.021481193602085114,0.0003,753,25.230501174926758,1,468,36,0.9515595436096191,652
630.1272583007812,-16.98,1.37,0.005926704965531826,0.0003,756,25.918630599975586,1,470,37,0.952002763748169,655
638.8373413085938,-16.98,1.37,0.013046814128756523,0.0003,758,26.00739097595215,1,472,39,0.9522776007652283,657
645.9696044921875,-17.49,1.39,0.016799531877040863,0.0003,762,26.417150497436523,1,474,42,0.9528287053108215,661
694.1332397460938,-18.63,1.41,0.018892575055360794,0.0003,766,26.93537712097168,1,476,44,0.9534139633178711,665
599.9718017578125,-18.63,1.41,0.025321800261735916,0.0003,768,27.095382690429688,1,478,46,0.9537330269813538,667
642.3013916015625,-18.63,1.41,0.018156608566641808,0.0003,770,27.7669677734375,1,480,47,0.9540738463401794,669
679.4000244140625,-18.63,1.41,0.01119253970682621,0.0003,773,27.413925170898438,1,482,49,0.954577624797821,672
687.95068359375,-18.64,1.41,0.009851022623479366,0.0003,776,27.925369262695312,1,484,52,0.955040454864502,675
620.0743408203125,-19.74,1.45,0.02050727978348732,0.0003,782,27.109172821044922,1,486,55,0.9559342861175537,681
599.6015014648438,-18.89,1.44,0.016588851809501648,0.0003,785,25.68608856201172,1,488,57,0.9564211964607239,684
642.7788696289062,-19.14,1.45,0.017463352531194687,0.0003,788,26.617557525634766,1,490,59,0.9569013118743896,687
625.7471923828125,-20.91,1.49,0.014816475100815296,0.0003,795,26.760848999023438,1,492,63,0.9580681324005127,694
613.4696655273438,-20.41,1.47,0.015771541744470596,0.0003,797,26.519933700561523,1,494,65,0.9583866000175476,696
669.1940307617188,-21.71,1.5,0.018672293052077293,0.0003,803,26.768688201904297,1,496,2,0.9593518376350403,702
570.17138671875,-20.91,1.49,0.020128052681684494,0.0003,805,26.397626876831055,1,498,3,0.9596942067146301,704
587.8180541992188,-19.59,1.46,0.019500460475683212,0.0003,807,26.273792266845703,1,500,5,0.960046112537384,706
628.3260498046875,-19.35,1.47,0.01981176994740963,0.0003,810,26.551097869873047,1,502,8,0.9605856537818909,709
543.9164428710938,-16.78,1.42,0.020811524242162704,0.0003,812,25.879789352416992,1,504,9,0.9609545469284058,711
554.9452514648438,-18.1,1.45,0.020573396235704422,0.0003,818,26.08828353881836,1,506,13,0.9620696306228638,717
539.1226196289062,-18.66,1.47,0.015430673956871033,0.0003,824,26.25,1,508,17,0.9631861448287964,723
566.33251953125,-18.66,1.47,0.01474791020154953,0.0003,826,26.94918441772461,1,510,19,0.9635694622993469,725
582.7868041992188,-18.15,1.45,0.012342811562120914,0.0003,828,26.49993133544922,1,512,21,0.9639448523521423,727
593.0677490234375,-18.39,1.46,0.016494162380695343,0.0003,831,27.017362594604492,1,514,23,0.9644855260848999,730
598.92724609375,-18.65,1.47,0.01823180727660656,0.0003,834,26.375490188598633,1,516,26,0.9650416374206543,733
583.1238403320312,-19.14,1.49,0.018678436055779457,0.0003,838,26.473861694335938,1,518,28,0.9657965898513794,737
629.6150512695312,-20.98,1.54,0.011352654546499252,0.0003,845,27.33802604675293,1,520,33,0.9671990275382996,744
607.9095458984375,-21.22,1.55,0.017522890120744705,0.0003,848,26.941390991210938,1,522,35,0.9677932262420654,747
573.89794921875,-21.22,1.55,0.016679592430591583,0.0003,850,27.46411895751953,1,524,37,0.9681962132453918,749
589.9300537109375,-21.22,1.55,0.01764824241399765,0.0003,852,27.34490966796875,1,526,39,0.9686106443405151,751
565.0848388671875,-20.94,1.54,0.01633135974407196,0.0003,854,26.366037368774414,1,528,41,0.9690337181091309,753
615.623046875,-21.2,1.55,0.01322619616985321,0.0003,857,27.557952880859375,1,530,43,0.9696658253669739,756
601.25341796875,-20.7,1.55,0.011944102123379707,0.0003,859,26.475746154785156,1,532,45,0.9700825214385986,758
539.3294067382812,-20.96,1.56,0.017714502289891243,0.0003,862,26.474624633789062,1,534,47,0.9706917405128479,761
566.435791015625,-19.76,1.54,0.014042829163372517,0.0003,865,26.525001525878906,1,536,50,0.9713127613067627,764
581.2298583984375,-19.76,1.54,0.013056052848696709,0.0003,867,26.75326156616211,1,538,52,0.9717307090759277,766
594.130615234375,-19.76,1.54,0.016314510256052017,0.0003,869,27.206844329833984,1,540,54,0.972144603729248,768
637.9542236328125,-20.02,1.55,0.013299317099153996,0.0003,872,26.775802612304688,1,542,56,0.9727790951728821,771
553.345703125,-19.99,1.55,0.011628113687038422,0.0003,875,26.404346466064453,1,544,59,0.9734120965003967,774
613.3372802734375,-20.0,1.55,0.014188090339303017,0.0003,878,26.267852783203125,1,546,61,0.974044680595398,777
627.5023193359375,-20.28,1.56,0.011735907755792141,0.0003,881,26.570058822631836,1,548,64,0.9746944308280945,780
620.250244140625,-20.28,1.56,0.010060238651931286,0.0003,884,26.173545837402344,1,550,67,0.9753498435020447,783
565.0126342773438,-18.7,1.52,0.013391233049333096,0.0003,886,26.18400764465332,1,552,69,0.9757823944091797,785
569.7626953125,-18.43,1.51,0.0129684554412961,0.0003,888,26.024227142333984,1,554,71,0.9762219190597534,787
543.4043579101562,-18.69,1.52,0.014160629361867905,0.0003,891,25.346405029296875,1,556,74,0.9768792986869812,790
630.0469970703125,-20.25,1.56,0.012197844684123993,0.0003,897,26.932140350341797,1,558,78,0.978270411491394,796
523.834228515625,-20.25,1.56,0.011505821719765663,0.0003,899,25.88970947265625,1,560,80,0.9787515997886658,798
597.7171020507812,-20.51,1.57,0.008239535614848137,0.0003,902,26.156742095947266,1,562,1,0.9794567823410034,801
507.4724426269531,-20.5,1.57,0.011800482869148254,0.0003,905,25.083253860473633,1,564,4,0.9801310896873474,804
546.4932861328125,-22.07,1.61,0.010079554282128811,0.0003,911,25.219648361206055,1,566,8,0.9815091490745544,810
556.6168823242188,-21.52,1.61,0.01070537231862545,0.0003,914,25.569963455200195,1,568,10,0.9822060465812683,813
592.6735229492188,-20.7,1.6,0.0074748871847987175,0.0003,916,25.352251052856445,1,570,13,0.9826860427856445,815
577.1447143554688,-20.97,1.61,0.006880867760628462,0.0003,919,26.846630096435547,1,572,15,0.9833937883377075,818
520.5133666992188,-20.46,1.59,0.009226122871041298,0.0003,921,25.142314910888672,1,574,17,0.9838519096374512,820
593.8558349609375,-19.32,1.57,0.007279485464096069,0.0003,923,26.770057678222656,1,576,20,0.9843147397041321,822
619.5211181640625,-19.54,1.58,0.008232414722442627,0.0003,926,26.737213134765625,1,578,22,0.9850072860717773,825
507.93511962890625,-19.77,1.59,0.00912158191204071,0.0003,929,25.960100173950195,1,580,25,0.9857192039489746,828
531.8995971679688,-19.51,1.58,0.011174329556524754,0.0003,931,26.049571990966797,1,582,27,0.986210823059082,830
628.0669555664062,-19.5,1.58,0.006289210170507431,0.0003,934,27.01653289794922,1,584,30,0.9869993329048157,833
530.0465698242188,-17.9,1.54,0.007528489921241999,0.0003,936,25.34884262084961,1,586,32,0.9875214099884033,835
625.68798828125,-17.64,1.53,0.006123153958469629,0.0003,938,26.204410552978516,1,588,34,0.9880435466766357,837
541.4696044921875,-17.65,1.53,0.006186078302562237,0.0003,941,25.260303497314453,1,590,37,0.9888051152229309,840
562.4661865234375,-15.62,1.48,0.005068653263151646,0.0003,943,25.032682418823242,1,592,39,0.9893023371696472,842
533.7844848632812,-15.88,1.49,0.005719471722841263,0.0003,946,24.507946014404297,1,594,42,0.9900410175323486,845
499.4537353515625,-14.29,1.45,0.005761315114796162,0.0003,948,25.080944061279297,1,596,45,0.9905393719673157,847
499.0474548339844,-14.29,1.45,0.004868566058576107,0.0003,950,24.076217651367188,1,598,47,0.9910395741462708,849
540.2091674804688,-14.29,1.45,0.0038457633927464485,0.0003,952,24.4865665435791,1,600,49,0.9915305376052856,851
553.2989501953125,-14.29,1.45,0.004668558947741985,0.0003,955,24.898258209228516,1,602,52,0.9922580122947693,854
537.4646606445312,-14.53,1.46,0.003911449573934078,0.0003,958,24.541637420654297,1,604,55,0.9930052161216736,857
543.95556640625,-13.19,1.43,0.004549676086753607,0.0003,961,25.694751739501953,1,606,58,0.9937781691551208,860
551.95947265625,-11.59,1.39,0.0035826279781758785,0.0003,963,25.369186401367188,1,608,60,0.9943153858184814,862
526.0494384765625,-11.86,1.4,0.0033085853792726994,0.0003,966,25.919620513916016,1,610,63,0.9951235055923462,865
598.491455078125,-12.13,1.41,0.0016793139511719346,0.0003,969,25.815635681152344,1,612,66,0.9959521889686584,868
568.7761840820312,-11.89,1.4,0.0022965376265347004,0.0003,971,26.195627212524414,1,614,68,0.9964910745620728,870
553.9640502929688,-11.85,1.4,0.0012778552481904626,0.0003,974,25.607158660888672,1,616,71,0.997302770614624,873
545.0435180664062,-11.36,1.38,0.0011733248829841614,0.0003,976,25.911447525024414,1,618,74,0.9978256225585938,875
554.47802734375,-9.52,1.33,0.0009601839701645076,0.0003,978,25.57086944580078,1,620,76,0.9983347058296204,877
563.4586181640625,-11.09,1.37,-7.612608169438317e-05,0.0003,985,24.39804458618164,1,622,81,1.0001143217086792,884
548.8162231445312,-11.09,1.37,-0.00032934441696852446,0.0003,987,24.902421951293945,1,624,84,1.000624418258667,886
500.1970520019531,-11.35,1.38,-0.0008314099395647645,0.0003,990,24.875385284423828,1,626,87,1.001393437385559,889
526.1539306640625,-11.35,1.38,-0.0012550121173262596,0.0003,992,25.200687408447266,1,628,89,1.0019148588180542,891
524.4754638671875,-11.09,1.37,-0.0012605860829353333,0.0003,994,24.915306091308594,1,630,92,1.0024487972259521,893
513.4673461914062,-11.09,1.37,-0.0018581232288852334,0.0003,996,24.873043060302734,1,632,94,1.002981424331665,895
505.0798645019531,-10.83,1.36,-0.002020037267357111,0.0003,998,23.612699508666992,1,634,96,1.0035208463668823,897
501.7144775390625,-11.07,1.37,-0.0026643010787665844,0.0003,1002,24.915813446044922,1,636,1,1.0046038627624512,901
527.9176635742188,-11.07,1.37,-0.00260643707588315,0.0003,1004,23.617462158203125,0,638,4,1.0051393508911133,903
512.0333251953125,-11.35,1.38,-0.003532336326315999,0.0003,1007,24.77792739868164,0,640,7,1.0059257745742798,906
538.9177856445312,-11.09,1.37,-0.0032191816717386246,0.0003,1009,24.652976989746094,0,642,9,1.0064624547958374,908
544.4541015625,-12.42,1.4,-0.004913972225040197,0.0003,1015,24.42051887512207,1,644,14,1.0080978870391846,914
463.32061767578125,-12.66,1.41,-0.005678106099367142,0.0003,1019,23.789762496948242,1,646,18,1.009177803993225,918
557.1792602539062,-12.38,1.4,-0.005188445560634136,0.0003,1021,25.10727310180664,1,648,20,1.0097219944000244,920
580.0599975585938,-12.38,1.4,-0.004907755181193352,0.0003,1024,26.67061996459961,1,650,23,1.0105226039886475,923
500.6338195800781,-12.64,1.41,-0.0059379693120718,0.0003,1027,26.354694366455078,0,652,27,1.0113046169281006,926
537.6563110351562,-12.64,1.41,-0.006180816330015659,0.0003,1029,25.948944091796875,0,654,29,1.0118169784545898,928
491.2428894042969,-12.89,1.42,-0.007195117883384228,0.0003,1033,25.571258544921875,0,656,33,1.0128315687179565,932
509.27410888671875,-11.56,1.39,-0.007701228838413954,0.0003,1036,24.692066192626953,0,658,36,1.0136024951934814,935
544.2255859375,-11.56,1.39,-0.006328154355287552,0.0003,1038,25.528247833251953,0,660,39,1.0141263008117676,937
552.380859375,-11.3,1.38,-0.00769680505618453,0.0003,1040,24.617881774902344,0,662,41,1.01463782787323,939
532.2164916992188,-11.3,1.38,-0.0072382595390081406,0.0003,1043,25.00641441345215,0,664,44,1.0154110193252563,942
525.126953125,-9.73,1.34,-0.008694343268871307,0.0003,1045,24.045337677001953,0,666,47,1.0159310102462769,944
499.1300964355469,-9.46,1.33,-0.010059773921966553,0.0003,1047,23.570302963256836,0,668,49,1.016465187072754,946
579.6732177734375,-9.94,1.35,-0.008878379128873348,0.0003,1051,25.111021041870117,0,670,53,1.0175622701644897,950
540.1980590820312,-10.2,1.36,-0.011917013674974442,0.0003,1055,25.16580581665039,0,672,57,1.018667459487915,954
436.58673095703125,-10.49,1.37,-0.010576905682682991,0.0003,1058,23.511375427246094,0,674,60,1.0195201635360718,957
517.4942626953125,-12.07,1.41,-0.01240171305835247,0.0003,1064,24.43343734741211,0,676,65,1.021146297454834,963
501.51129150390625,-13.45,1.44,-0.015528062358498573,0.0003,1070,24.65721893310547,0,678,71,1.0227543115615845,969
514.9569091796875,-13.22,1.43,-0.010696263052523136,0.0003,1072,25.223960876464844,0,680,73,1.023305892944336,971
455.6761474609375,-13.22,1.43,-0.011760244145989418,0.0003,1074,23.512683868408203,0,682,76,1.0238523483276367,973
535.4984741210938,-13.2,1.43,-0.014701337553560734,0.0003,1077,25.192590713500977,0,684,79,1.0246652364730835,976
503.3100891113281,-13.45,1.44,-0.015210773795843124,0.0003,1080,25.16415023803711,0,686,83,1.025492548942566,979
484.7420349121094,-13.7,1.45,-0.014670943841338158,0.0003,1083,24.624162673950195,0,688,86,1.0263153314590454,982
459.5849609375,-13.69,1.45,-0.014333687722682953,0.0003,1086,23.578554153442383,0,690,89,1.0271198749542236,985
500.18408203125,-13.92,1.46,-0.013617943972349167,0.0003,1089,24.82362937927246,0,692,93,1.027914047241211,988
482.44024658203125,-15.26,1.49,-0.018017910420894623,0.0003,1095,23.54608154296875,0,694,98,1.0295337438583374,994
488.0416259765625,-15.26,1.49,-0.016781428828835487,0.0003,1097,23.410696029663086,0,696,101,1.0300867557525635,996
483.7656555175781,-15.26,1.49,-0.017248203977942467,0.0003,1099,23.451400756835938,0,698,103,1.0306404829025269,998
460.9281005859375,-15.79,1.51,-0.017872031778097153,0.0003,1103,23.930843353271484,0,700,3,1.0317649841308594,1002
492.316162109375,-15.53,1.5,-0.015241263434290886,0.0003,1105,23.455646514892578,0,702,6,1.032315969467163,1004
544.3223876953125,-15.29,1.49,-0.017061524093151093,0.0003,1107,24.752498626708984,0,704,8,1.0328422784805298,1006
469.5241394042969,-15.06,1.48,-0.02016613632440567,0.0003,1109,23.96249008178711,0,706,11,1.0333577394485474,1008
474.71539306640625,-15.31,1.49,-0.019137639552354813,0.0003,1112,23.342967987060547,0,708,15,1.0341453552246094,1011
489.0130920410156,-15.04,1.48,-0.019345058128237724,0.0003,1114,24.9796142578125,0,710,17,1.0346765518188477,1013
437.223876953125,-15.05,1.48,-0.02188858762383461,0.0003,1117,22.910751342773438,0,712,21,1.0354877710342407,1016
513.052734375,-15.3,1.49,-0.01587420143187046,0.0003,1120,25.23196029663086,0,714,24,1.0363129377365112,1019
468.08258056640625,-15.59,1.5,-0.017916126176714897,0.0003,1124,23.9921932220459,0,716,28,1.0373826026916504,1023
426.9718017578125,-15.84,1.51,-0.019356155768036842,0.0003,1127,22.364036560058594,0,718,32,1.0381947755813599,1026
498.5003662109375,-16.09,1.52,-0.02394256368279457,0.0003,1130,22.622161865234375,0,720,35,1.0389747619628906,1029
473.44537353515625,-14.28,1.47,-0.025317005813121796,0.0003,1132,23.459144592285156,0,722,38,1.0394999980926514,1031
467.4381103515625,-14.28,1.47,-0.024936608970165253,0.0003,1134,23.38003158569336,0,724,41,1.0400471687316895,1033
469.0230407714844,-14.53,1.48,-0.024768859148025513,0.0003,1138,22.535839080810547,0,726,45,1.0411911010742188,1037
446.78021240234375,-15.0,1.5,-0.027721747756004333,0.0003,1142,22.8089599609375,0,728,49,1.0423277616500854,1041
427.7117614746094,-15.0,1.5,-0.029519572854042053,0.0003,1144,22.04664421081543,0,730,52,1.0429091453552246,1043
368.068359375,-15.26,1.51,-0.029054878279566765,0.0003,1147,23.686901092529297,0,732,56,1.0438084602355957,1046
446.9223327636719,-15.26,1.51,-0.024202387779951096,0.0003,1149,23.621532440185547,0,734,59,1.0444090366363525,1048
457.58221435546875,-15.29,1.51,-0.026814892888069153,0.0003,1153,23.320537567138672,0,736,63,1.0455976724624634,1052
410.3945617675781,-15.29,1.51,-0.03613432124257088,0.0003,1155,23.15937614440918,0,738,66,1.046203374862671,1054
511.4835205078125,-15.01,1.5,-0.02808501571416855,0.0003,1157,24.628698348999023,0,740,69,1.0468236207962036,1056
440.482177734375,-15.53,1.52,-0.03331219404935837,0.0003,1161,23.31256675720215,0,742,73,1.0480384826660156,1060
395.93572998046875,-14.19,1.49,-0.02493511140346527,0.0003,1164,22.373872756958008,0,744,77,1.048939824104309,1063
449.07861328125,-13.68,1.47,-0.02966455928981304,0.0003,1166,24.025663375854492,0,746,80,1.0495259761810303,1065
408.32733154296875,-13.93,1.48,-0.025679273530840874,0.0003,1169,22.163909912109375,0,748,83,1.0503785610198975,1068
474.45025634765625,-13.67,1.47,-0.028847534209489822,0.0003,1171,23.922988891601562,0,750,86,1.0509320497512817,1070
474.79461669921875,-13.41,1.46,-0.024588514119386673,0.0003,1173,23.275794982910156,0,752,89,1.0514920949935913,1072
446.90447998046875,-13.67,1.47,-0.04142623767256737,0.0003,1176,21.610774993896484,0,754,93,1.052347183227539,1075
487.7284851074219,-13.41,1.46,-0.027071453630924225,0.0003,1179,22.955188751220703,0,756,97,1.0532822608947754,1078
429.087646484375,-13.18,1.45,-0.02932974323630333,0.0003,1181,21.455949783325195,0,758,100,1.0539023876190186,1080
429.4853515625,-13.45,1.46,-0.03239122033119202,0.0003,1184,22.331586837768555,0,760,103,1.0548195838928223,1083
435.7626953125,-13.7,1.47,-0.03659185394644737,0.0003,1187,22.358848571777344,0,762,107,1.0557396411895752,1086
430.2838134765625,-13.45,1.46,-0.027450643479824066,0.0003,1189,21.482404708862305,0,764,110,1.0563585758209229,1088
397.888916015625,-13.71,1.47,-0.026073414832353592,0.0003,1192,20.580703735351562,0,766,114,1.0572541952133179,1091
444.62969970703125,-13.71,1.47,-0.03472089022397995,0.0003,1194,22.465656280517578,0,768,117,1.0578405857086182,1093
424.34979248046875,-13.73,1.47,-0.03997473046183586,0.0003,1198,21.207748413085938,0,770,121,1.059053897857666,1097
423.49542236328125,-13.2,1.45,-0.042580824345350266,0.0003,1200,22.093740463256836,0,772,124,1.059672236442566,1099
370.55889892578125,-13.49,1.46,-0.04362405091524124,0.0003,1204,20.427217483520508,0,774,4,1.0609338283538818,1103
392.35015869140625,-12.17,1.43,-0.03372092917561531,0.0003,1207,20.419530868530273,0,776,8,1.0618995428085327,1106
419.1186828613281,-10.86,1.4,-0.03508392348885536,0.0003,1210,20.315521240234375,0,778,12,1.0628362894058228,1109
469.45709228515625,-11.11,1.41,-0.04060198366641998,0.0003,1213,22.24493408203125,0,780,15,1.063770055770874,1112
434.3709716796875,-11.11,1.41,-0.0426490381360054,0.0003,1215,21.919506072998047,0,782,19,1.0643912553787231,1114
476.20440673828125,-11.12,1.41,-0.03867925703525543,0.0003,1218,21.51840591430664,0,784,22,1.0653475522994995,1117
392.5003662109375,-10.87,1.4,-0.04568970575928688,0.0003,1220,22.604984283447266,0,786,25,1.0660055875778198,1119
364.7623291015625,-10.62,1.39,-0.04290495067834854,0.0003,1222,20.49843978881836,0,788,29,1.066676139831543,1121
435.3832092285156,-10.62,1.39,-0.03721856325864792,0.0003,1225,21.86081314086914,0,790,32,1.0676733255386353,1124
417.4123229980469,-10.39,1.38,-0.036309100687503815,0.0003,1227,20.273521423339844,0,792,35,1.0683294534683228,1126
455.1159362792969,-9.29,1.36,-0.034926943480968475,0.0003,1231,21.304412841796875,0,794,40,1.0696133375167847,1130
416.895263671875,-9.29,1.36,-0.03905560076236725,0.0003,1233,22.010051727294922,0,796,43,1.070243239402771,1132
362.10675048828125,-9.29,1.36,-0.042323216795921326,0.0003,1235,19.762508392333984,0,798,46,1.0708743333816528,1134
421.32891845703125,-9.01,1.35,-0.04622447118163109,0.0003,1238,20.755905151367188,0,800,50,1.0718153715133667,1137
430.3150939941406,-9.27,1.36,-0.05242706090211868,0.0003,1241,20.331085205078125,0,802,54,1.0727436542510986,1140
376.502197265625,-9.27,1.36,-0.05145390331745148,0.0003,1243,18.965301513671875,0,804,58,1.073378086090088,1142
394.84991455078125,-9.27,1.36,-0.046234600245952606,0.0003,1245,19.564735412597656,0,806,61,1.074026107788086,1144
443.53619384765625,-9.02,1.35,-0.050920017063617706,0.0003,1247,21.27499771118164,0,808,64,1.0746850967407227,1146
409.4698181152344,-9.02,1.35,-0.045777976512908936,0.0003,1249,20.133934020996094,0,810,67,1.0753508806228638,1148
352.8047790527344,-8.74,1.34,-0.05711709335446358,0.0003,1251,20.469608306884766,0,812,70,1.0760101079940796,1150
423.206787109375,-8.49,1.33,-0.04196563735604286,0.0003,1253,20.256092071533203,0,814,74,1.0766900777816772,1152
432.577392578125,-8.24,1.32,-0.04487108439207077,0.0003,1256,20.82818603515625,0,816,78,1.0776928663253784,1155
414.1268005371094,-8.24,1.32,-0.051132265478372574,0.0003,1259,19.916908264160156,0,818,82,1.0786815881729126,1158
410.7109680175781,-7.99,1.31,-0.04888197407126427,0.0003,1261,20.317386627197266,0,820,85,1.0793448686599731,1160
349.40765380859375,-8.24,1.32,-0.0534060001373291,0.0003,1264,19.442047119140625,0,822,89,1.0803414583206177,1163
343.26287841796875,-8.5,1.33,-0.04372067004442215,0.0003,1267,17.75033187866211,0,824,93,1.0813549757003784,1166
395.52166748046875,-7.99,1.31,-0.04859444871544838,0.0003,1269,17.14510726928711,0,826,96,1.0820153951644897,1168
411.1010437011719,-7.52,1.29,-0.05890267714858055,0.0003,1271,18.478181838989258,0,828,100,1.082672119140625,1170
345.1041564941406,-7.79,1.3,-0.05212769657373428,0.0003,1274,19.402759552001953,0,830,104,1.0836936235427856,1173
398.64373779296875,-7.76,1.3,-0.062170013785362244,0.0003,1277,18.03643798828125,0,832,108,1.0847090482711792,1176
390.6536865234375,-8.0,1.31,-0.0526563823223114,0.0003,1280,20.148448944091797,0,834,112,1.0857502222061157,1179
393.48358154296875,-7.74,1.3,-0.06573177129030228,0.0003,1283,19.539926528930664,0,836,116,1.08680260181427,1182
355.03948974609375,-7.99,1.31,-0.05847473442554474,0.0003,1286,18.789016723632812,0,838,120,1.0878589153289795,1185
378.4791259765625,-7.99,1.31,-0.04765235632658005,0.0003,1288,19.76342010498047,0,840,123,1.0885547399520874,1187
323.788330078125,-7.47,1.29,-0.07500214874744415,0.0003,1290,17.247150421142578,0,842,127,1.089246153831482,1189
319.67626953125,-7.22,1.28,-0.07557155191898346,0.0003,1292,18.702072143554688,0,844,130,1.0899598598480225,1191
320.1742248535156,-7.22,1.28,-0.055541276931762695,0.0003,1294,17.84433937072754,0,846,133,1.0906903743743896,1193
341.8193664550781,-7.23,1.28,-0.0701131522655487,0.0003,1297,16.63410186767578,0,848,138,1.0917699337005615,1196
309.1107177734375,-7.48,1.29,-0.0644882395863533,0.0003,1300,16.657846450805664,0,850,142,1.0928701162338257,1199
324.48663330078125,-7.74,1.3,-0.05158664658665657,0.0003,1303,17.037139892578125,0,852,4,1.093978762626648,1202
309.5736999511719,-7.74,1.3,-0.06945936381816864,0.0003,1306,18.29207992553711,0,854,8,1.0950648784637451,1205
323.2064208984375,-7.76,1.3,-0.066273994743824,0.0003,1309,18.896602630615234,0,856,12,1.0961475372314453,1208
362.56689453125,-8.04,1.31,-0.06511643528938293,0.0003,1312,17.928199768066406,0,858,16,1.0972387790679932,1211
299.20953369140625,-7.77,1.3,-0.06798569858074188,0.0003,1314,19.98013687133789,0,860,20,1.0979715585708618,1213
323.677001953125,-7.52,1.29,-0.06589546799659729,0.0003,1316,18.888484954833984,0,862,23,1.098703384399414,1215
361.958984375,-7.52,1.29,-0.06260936707258224,0.0003,1318,18.363554000854492,0,864,27,1.0994346141815186,1217
257.1498718261719,-7.53,1.29,-0.08279669284820557,0.0003,1321,17.713302612304688,0,866,31,1.100523829460144,1220
316.3677978515625,-7.79,1.3,-0.06541429460048676,0.0003,1324,17.933349609375,0,868,36,1.1016478538513184,1223
364.37451171875,-7.29,1.28,-0.05757855996489525,0.0003,1326,17.293949127197266,0,870,39,1.1023979187011719,1225
333.082275390625,-7.53,1.29,-0.0713382214307785,0.0003,1329,18.19074058532715,0,872,43,1.1034988164901733,1228
325.5027770996094,-7.22,1.28,-0.06070727854967117,0.0003,1332,17.396883010864258,0,874,48,1.104597806930542,1231
308.2605285644531,-6.96,1.27,-0.07725128531455994,0.0003,1334,17.549610137939453,0,876,51,1.1053112745285034,1233
287.3791809082031,-6.67,1.26,-0.0669284462928772,0.0003,1336,16.40511131286621,0,878,55,1.106039047241211,1235
259.9124450683594,-6.71,1.26,-0.10312698036432266,0.0003,1339,17.54839324951172,0,880,59,1.107154130935669,1238
272.32904052734375,-6.71,1.26,-0.08584991097450256,0.0003,1341,16.279314041137695,0,882,63,1.107946515083313,1240
338.277587890625,-6.72,1.26,-0.06786060333251953,0.0003,1344,16.317951202392578,0,884,67,1.109149694442749,1243
305.8467102050781,-6.72,1.26,-0.06217695400118828,0.0003,1346,15.316656112670898,0,886,71,1.1099393367767334,1245
311.2712097167969,-6.98,1.27,-0.06881620734930038,0.0003,1349,15.999191284179688,0,888,75,1.1110953092575073,1248
293.123291015625,-7.25,1.28,-0.0654134750366211,0.0003,1353,15.94209098815918,0,890,80,1.1125940084457397,1252
270.64825439453125,-7.25,1.28,-0.0701277107000351,0.0003,1355,16.014827728271484,0,892,84,1.1133278608322144,1254
336.6872863769531,-7.26,1.28,-0.0680641233921051,0.0003,1359,14.800714492797852,0,894,89,1.1148102283477783,1258
275.8348388671875,-7.51,1.29,-0.08065473288297653,0.0003,1362,16.209583282470703,0,896,94,1.115939736366272,1261
260.382080078125,-7.51,1.29,-0.07245022058486938,0.0003,1364,13.92943000793457,0,898,97,1.1167070865631104,1263
341.41961669921875,-7.26,1.28,-0.09382691234350204,0.0003,1366,15.20897388458252,0,900,101,1.1174731254577637,1265
242.06480407714844,-7.0,1.27,-0.08009017258882523,0.0003,1368,15.581762313842773,0,902,104,1.1182523965835571,1267
232.27371215820312,-7.0,1.27,-0.08164367079734802,0.0003,1370,16.005502700805664,0,904,108,1.1190325021743774,1269
269.6156311035156,-7.0,1.27,-0.05618462711572647,0.0003,1372,15.897835731506348,0,906,111,1.1198105812072754,1271
283.8886413574219,-7.29,1.28,-0.0886988416314125,0.0003,1375,14.6776123046875,0,908,116,1.1209264993667603,1274
272.18798828125,-7.29,1.28,-0.08794814348220825,0.0003,1377,15.608760833740234,0,910,120,1.1216790676116943,1276
246.52627563476562,-7.89,1.3,-0.08652070164680481,0.0003,1381,14.531171798706055,0,912,125,1.1231834888458252,1280
227.48829650878906,-7.89,1.3,-0.0880499929189682,0.0003,1383,14.418512344360352,0,914,129,1.1239410638809204,1282
250.5628204345703,-7.63,1.29,-0.08750170469284058,0.0003,1385,14.378778457641602,0,916,132,1.124704360961914,1284
311.09564208984375,-7.38,1.28,-0.07371678948402405,0.0003,1387,13.700385093688965,0,918,136,1.1254634857177734,1286
260.4381103515625,-7.67,1.29,-0.07072718441486359,0.0003,1390,13.613125801086426,0,920,140,1.1265804767608643,1289
275.28173828125,-7.67,1.29,-0.07802718877792358,0.0003,1393,13.827896118164062,0,922,145,1.127666711807251,1292
267.5943298339844,-7.41,1.28,-0.08655920624732971,0.0003,1395,13.940838813781738,0,924,149,1.1283775568008423,1294
235.08346557617188,-7.67,1.29,-0.08357039093971252,0.0003,1398,13.704385757446289,0,926,153,1.1294440031051636,1297
-7.96,1.3,1401,1,928,0,,,,,,
-7.69,1.29,1403,5,930,0,241.6678466796875,-0.09026817232370377,0.0003,13.324798583984375,1.1312944889068604,1302
-7.46,1.28,1405,9,932,0,240.1796875,-0.08973145484924316,0.0003,13.23269271850586,1.1320490837097168,1304
-7.44,1.28,1408,13,934,0,262.33135986328125,-0.09235456585884094,0.0003,13.99928092956543,1.1332032680511475,1307
-7.17,1.27,1410,17,936,0,243.86441040039062,-0.06145787239074707,0.0003,14.179437637329102,1.1339867115020752,1309
-7.18,1.27,1413,22,938,0,199.28765869140625,-0.06542618572711945,0.0003,13.179125785827637,1.1351178884506226,1312
-7.18,1.27,1415,26,940,0,246.3114013671875,-0.09097205102443695,0.0003,14.779862403869629,1.135839581489563,1314
-7.44,1.28,1418,30,942,0,245.57614135742188,-0.09403954446315765,0.0003,13.410041809082031,1.1368992328643799,1317
-7.68,1.29,1421,35,944,0,233.74143981933594,-0.08346053957939148,0.0003,13.423344612121582,1.1379655599594116,1320
-7.93,1.3,1424,40,946,0,214.88302612304688,-0.12834292650222778,0.0003,14.781089782714844,1.139042854309082,1323
-7.67,1.29,1426,43,948,0,272.73394775390625,-0.12064552307128906,0.0003,15.063189506530762,1.139804482460022,1325
-7.42,1.28,1428,47,950,0,227.61468505859375,-0.10819296538829803,0.0003,12.926277160644531,1.1405978202819824,1327
-7.16,1.27,1430,51,952,0,282.983154296875,-0.0776272565126419,0.0003,12.861948013305664,1.1414072513580322,1329
-7.17,1.27,1433,56,954,0,204.0006866455078,-0.09653840959072113,0.0003,13.014476776123047,1.1425762176513672,1332
-7.16,1.27,1436,60,956,0,228.29425048828125,-0.09476946294307709,0.0003,13.14810562133789,1.1437288522720337,1335
-6.88,1.26,1438,64,958,0,227.66943359375,-0.07364391535520554,0.0003,13.338299751281738,1.1444846391677856,1337
-6.88,1.26,1440,68,960,0,200.2074432373047,-0.11837874352931976,0.0003,12.534748077392578,1.1452103853225708,1339
-6.88,1.26,1442,72,962,0,216.83355712890625,-0.0967639684677124,0.0003,13.103550910949707,1.1459474563598633,1341
-6.88,1.26,1444,76,964,0,212.31524658203125,-0.0801747515797615,0.0003,12.353630065917969,1.146682858467102,1343
-7.1,1.27,1448,81,966,0,237.00393676757812,-0.0967315286397934,0.0003,12.732847213745117,1.1481070518493652,1347
-6.84,1.26,1450,85,968,0,262.8743896484375,-0.12158265709877014,0.0003,12.75180721282959,1.1488101482391357,1349
-6.84,1.26,1452,89,970,0,219.76878356933594,-0.10706332325935364,0.0003,12.737198829650879,1.1495264768600464,1351
-6.6,1.25,1454,93,972,0,241.27890014648438,-0.10202391445636749,0.0003,14.52593994140625,1.1502456665039062,1353
-6.33,1.24,1456,97,974,0,221.36619567871094,-0.12180408835411072,0.0003,13.753414154052734,1.1509735584259033,1355
-6.83,1.26,1460,103,976,0,190.29078674316406,-0.08636005222797394,0.0003,12.27859115600586,1.1524937152862549,1359
-6.83,1.26,1462,107,978,0,191.82118225097656,-0.09718911349773407,0.0003,11.474037170410156,1.1532496213912964,1361
-6.81,1.26,1465,112,980,0,242.50091552734375,-0.08412032574415207,0.0003,11.789283752441406,1.154381275177002,1364
-6.81,1.26,1467,115,982,0,179.16802978515625,-0.10638093948364258,0.0003,12.303679466247559,1.1551231145858765,1366
-6.83,1.26,1470,120,984,0,178.67311096191406,-0.11738526821136475,0.0003,12.23403263092041,1.1562423706054688,1369
-6.83,1.26,1472,124,986,0,179.58746337890625,-0.09569698572158813,0.0003,12.233877182006836,1.156989574432373,1371
-7.12,1.27,1476,130,988,0,220.58546447753906,-0.08317331224679947,0.0003,11.578862190246582,1.1584383249282837,1375
-6.6,1.25,1478,134,990,0,187.90005493164062,-0.08572394400835037,0.0003,11.457513809204102,1.1591320037841797,1377
-6.6,1.25,1480,138,992,0,149.42819213867188,-0.10452218353748322,0.0003,12.708717346191406,1.1598182916641235,1379
-6.09,1.23,1482,142,994,0,242.73526000976562,-0.09800773859024048,0.0003,13.270326614379883,1.160524606704712,1381
-5.84,1.22,1484,146,996,0,163.42520141601562,-0.0996289774775505,0.0003,10.39139461517334,1.1612436771392822,1383
-5.84,1.22,1486,150,998,0,153.1302947998047,-0.1195414811372757,0.0003,12.477836608886719,1.1619714498519897,1385
-5.84,1.22,1488,154,1000,0,166.05657958984375,-0.10569053143262863,0.0003,11.537857055664062,1.1627200841903687,1387
-5.84,1.22,1490,158,1002,0,170.86814880371094,-0.10640980303287506,0.0003,13.064854621887207,1.1634732484817505,1389
-6.09,1.23,1493,163,1004,0,197.87188720703125,-0.11442482471466064,0.0003,12.40755558013916,1.1645907163619995,1392
-6.09,1.23,1495,167,1006,0,202.54086303710938,-0.09537695348262787,0.0003,12.775250434875488,1.1653269529342651,1394
-5.8,1.22,1497,171,1008,0,231.3511962890625,-0.10942347347736359,0.0003,11.123004913330078,1.1660548448562622,1396
-6.07,1.23,1500,176,1010,0,157.42996215820312,-0.1104058176279068,0.0003,12.748842239379883,1.167159080505371,1399
229.703369140625,-5.72,1.22,-0.07882723212242126,0.0003,1503,11.265911102294922,0,1012,5,1.1682648658752441,1402
187.572509765625,-5.72,1.22,-0.10091923922300339,0.0003,1505,10.86865234375,0,1014,9,1.1689761877059937,1404
203.405517578125,-5.72,1.22,-0.1126350685954094,0.0003,1507,11.64765739440918,0,1016,13,1.1696877479553223,1406
162.44766235351562,-5.72,1.22,-0.10771826654672623,0.0003,1509,11.182197570800781,0,1018,17,1.1703994274139404,1408
193.2565460205078,-5.43,1.21,-0.11071529239416122,0.0003,1511,11.7625732421875,0,1020,21,1.1711084842681885,1410
183.49746704101562,-5.43,1.21,-0.10757924616336823,0.0003,1514,12.249603271484375,0,1022,26,1.1721835136413574,1413
168.85568237304688,-5.43,1.21,-0.09624908119440079,0.0003,1516,10.617766380310059,0,1024,30,1.1729062795639038,1415
178.32376098632812,-5.43,1.21,-0.09788663685321808,0.0003,1519,12.986985206604004,0,1026,35,1.1739797592163086,1418
178.3964385986328,-5.46,1.21,-0.10007268190383911,0.0003,1522,9.610846519470215,0,1028,41,1.1750290393829346,1421
205.13446044921875,-5.46,1.21,-0.0986408218741417,0.0003,1524,11.456642150878906,0,1030,45,1.175722360610962,1423
194.81948852539062,-5.71,1.22,-0.10711579024791718,0.0003,1527,10.395536422729492,0,1032,50,1.1767653226852417,1426
158.33291625976562,-5.49,1.21,-0.12107950448989868,0.0003,1529,11.328537940979004,0,1034,54,1.1774661540985107,1428
163.78973388671875,-5.49,1.21,-0.10705877840518951,0.0003,1531,10.631937026977539,0,1036,58,1.1781771183013916,1430
168.40481567382812,-5.23,1.2,-0.0982271283864975,0.0003,1533,10.078290939331055,0,1038,63,1.1788822412490845,1432
197.90789794921875,-5.23,1.2,-0.07596015930175781,0.0003,1535,10.710773468017578,0,1040,67,1.1795806884765625,1434
182.49102783203125,-4.97,1.19,-0.09541092067956924,0.0003,1537,10.834470748901367,0,1042,71,1.1802619695663452,1436
160.8720703125,-4.99,1.19,-0.09571570158004761,0.0003,1540,10.698854446411133,0,1044,76,1.1812806129455566,1439
176.204833984375,-4.74,1.18,-0.11367255449295044,0.0003,1542,12.167768478393555,0,1046,81,1.181958556175232,1441
190.9381561279297,-4.99,1.19,-0.11863738298416138,0.0003,1545,11.1245698928833,0,1048,86,1.1830021142959595,1444
167.84686279296875,-4.99,1.19,-0.09749668091535568,0.0003,1547,10.672513961791992,0,1050,90,1.1837228536605835,1446
146.06573486328125,-5.24,1.2,-0.11758434772491455,0.0003,1550,11.469724655151367,0,1052,96,1.1848171949386597,1449
128.99465942382812,-5.24,1.2,-0.11515908688306808,0.0003,1553,12.328630447387695,0,1054,101,1.1859283447265625,1452
145.50233459472656,-4.98,1.19,-0.11038994789123535,0.0003,1555,11.06992244720459,0,1056,105,1.186666488647461,1454
150.10769653320312,-4.98,1.19,-0.1013016551733017,0.0003,1557,12.886163711547852,0,1058,110,1.1873903274536133,1456
166.84368896484375,-4.98,1.19,-0.11843527853488922,0.0003,1559,10.797904968261719,0,1060,114,1.1880964040756226,1458
148.24618530273438,-5.27,1.2,-0.11279772222042084,0.0003,1562,10.297407150268555,0,1062,119,1.1891416311264038,1461
166.1985321044922,-5.53,1.21,-0.13464957475662231,0.0003,1565,10.822149276733398,0,1064,125,1.1901692152023315,1464
138.73605346679688,-5.82,1.22,-0.10279424488544464,0.0003,1570,10.218687057495117,0,1066,133,1.1919995546340942,1469
163.41893005371094,-5.82,1.22,-0.10727950930595398,0.0003,1572,10.639896392822266,0,1068,137,1.1927381753921509,1471
160.562255859375,-5.82,1.22,-0.1396564543247223,0.0003,1574,11.569260597229004,0,1070,142,1.193472146987915,1473
127.8587646484375,-5.82,1.22,-0.098753422498703,0.0003,1576,9.818058013916016,0,1072,146,1.1942168474197388,1475
158.95729064941406,-5.82,1.22,-0.07740102708339691,0.0003,1578,9.926652908325195,0,1074,151,1.1949341297149658,1477
153.6365966796875,-5.54,1.21,-0.12807050347328186,0.0003,1581,10.690542221069336,0,1076,156,1.1959706544876099,1480
121.83672332763672,-5.8,1.22,-0.10036718845367432,0.0003,1584,10.257244110107422,0,1078,162,1.1970287561416626,1483
201.89602661132812,-5.79,1.22,-0.10083332657814026,0.0003,1587,9.878477096557617,0,1080,168,1.1980648040771484,1486
149.1787109375,-5.79,1.22,-0.1011601984500885,0.0003,1589,11.42129135131836,0,1082,172,1.1987448930740356,1488
170.43118286132812,-5.73,1.22,-0.11207913607358932,0.0003,1592,11.060958862304688,0,1084,178,1.199763298034668,1491
155.58876037597656,-5.95,1.23,-0.10733872652053833,0.0003,1595,10.444650650024414,0,1086,184,1.2007851600646973,1494
154.02474975585938,-5.63,1.22,-0.1052619218826294,0.0003,1598,9.79400634765625,0,1088,189,1.2018183469772339,1497
-5.9,1.23,1601,2,1090,0,,,,,,
-5.9,1.23,1603,6,1092,0,150.1050567626953,-0.11724922806024551,0.0003,10.647614479064941,1.2035728693008423,1502
-5.9,1.23,1605,11,1094,0,137.2220458984375,-0.10148528963327408,0.0003,10.640937805175781,1.204286813735962,1504
-5.9,1.23,1607,15,1096,0,179.12249755859375,-0.08869621902704239,0.0003,8.906444549560547,1.2049874067306519,1506
-6.16,1.24,1610,21,1098,0,124.36251068115234,-0.11335545033216476,0.0003,11.060660362243652,1.2059922218322754,1509
-6.16,1.24,1612,26,1100,0,125.87062072753906,-0.114424929022789,0.0003,10.412992477416992,1.2066481113433838,1511
-6.16,1.24,1614,30,1102,0,155.57083129882812,-0.09060698747634888,0.0003,9.192495346069336,1.2073030471801758,1513
-5.91,1.23,1616,35,1104,0,126.76380920410156,-0.10856781899929047,0.0003,9.684675216674805,1.2079501152038574,1515
-5.91,1.23,1618,39,1106,0,145.56532287597656,-0.1260189414024353,0.0003,10.224563598632812,1.2086042165756226,1517
-6.14,1.24,1621,45,1108,0,124.58473205566406,-0.11626985669136047,0.0003,11.15599250793457,1.2096251249313354,1520
-5.87,1.23,1623,49,1110,0,120.04037475585938,-0.11882084608078003,0.0003,10.255194664001465,1.2103071212768555,1522
-5.62,1.22,1625,54,1112,0,143.24600219726562,-0.12451236695051193,0.0003,11.181042671203613,1.2109838724136353,1524
-5.85,1.23,1628,60,1114,0,167.77059936523438,-0.1049942895770073,0.0003,10.153775215148926,1.2120177745819092,1527
-5.85,1.23,1630,64,1116,0,144.41348266601562,-0.11538296192884445,0.0003,10.799517631530762,1.2127046585083008,1529
-5.85,1.23,1632,69,1118,0,124.02803802490234,-0.11462074518203735,0.0003,10.627016067504883,1.213387370109558,1531
-5.85,1.23,1634,73,1120,0,167.16558837890625,-0.10199561715126038,0.0003,9.844494819641113,1.2140617370605469,1533
-5.6,1.22,1636,78,1122,0,112.89608764648438,-0.14775633811950684,0.0003,10.28726863861084,1.2147222757339478,1535
-5.6,1.22,1638,82,1124,0,135.43118286132812,-0.13412044942378998,0.0003,10.688755989074707,1.2154042720794678,1537
-5.61,1.22,1641,88,1126,0,105.15931701660156,-0.10290724039077759,0.0003,9.119417190551758,1.2164568901062012,1540
-5.29,1.21,1643,92,1128,0,127.14425659179688,-0.10340221971273422,0.0003,9.547569274902344,1.2171430587768555,1542
-5.29,1.21,1645,97,1130,0,148.11891174316406,-0.11601342260837555,0.0003,9.518173217773438,1.2178118228912354,1544
-5.04,1.2,1647,101,1132,0,112.8843765258789,-0.12088938057422638,0.0003,10.562646865844727,1.2184832096099854,1546
-5.04,1.2,1649,106,1134,0,133.61886596679688,-0.12505319714546204,0.0003,9.576261520385742,1.2191545963287354,1548
-5.04,1.2,1651,111,1136,0,116.42398071289062,-0.09583203494548798,0.0003,9.56851577758789,1.2198271751403809,1550
-5.04,1.2,1653,115,1138,0,144.71124267578125,-0.09524757415056229,0.0003,9.064481735229492,1.2204818725585938,1552
-5.3,1.21,1656,121,1140,0,163.64730834960938,-0.13115662336349487,0.0003,9.923789978027344,1.221440315246582,1555
-5.56,1.22,1659,127,1142,0,141.01300048828125,-0.10735268890857697,0.0003,9.801996231079102,1.2224278450012207,1558
-5.3,1.21,1661,131,1144,0,135.33926391601562,-0.0907348245382309,0.0003,10.074125289916992,1.2230771780014038,1560
-5.58,1.22,1664,137,1146,0,131.13014221191406,-0.1077626571059227,0.0003,8.682779312133789,1.2240259647369385,1563
-5.58,1.22,1667,143,1148,0,113.56659698486328,-0.11728354543447495,0.0003,9.077548027038574,1.2249735593795776,1566
-5.58,1.22,1669,147,1150,0,143.3927764892578,-0.12700161337852478,0.0003,9.151466369628906,1.2256131172180176,1568
-5.33,1.21,1671,152,1152,0,157.25437927246094,-0.12363088130950928,0.0003,10.508705139160156,1.2262589931488037,1570
-5.06,1.2,1673,157,1154,0,126.85490417480469,-0.09827572852373123,0.0003,8.402956008911133,1.2269032001495361,1572
-5.34,1.21,1676,163,1156,0,140.17071533203125,-0.10593356192111969,0.0003,9.622306823730469,1.2278549671173096,1575
-5.58,1.22,1679,168,1158,0,127.48287200927734,-0.0972459688782692,0.0003,9.142438888549805,1.2288097143173218,1578
-5.58,1.22,1681,173,1160,0,104.51449584960938,-0.12073372304439545,0.0003,9.763422012329102,1.2294434309005737,1580
-5.56,1.22,1684,179,1162,0,136.81008911132812,-0.13217012584209442,0.0003,9.859759330749512,1.230399250984192,1583
-5.55,1.22,1687,185,1164,0,123.8763656616211,-0.15570518374443054,0.0003,11.000762939453125,1.2313635349273682,1586
-5.05,1.2,1690,191,1166,0,97.75443267822266,-0.09837871044874191,0.0003,9.320356369018555,1.2323660850524902,1589
-5.3,1.21,1693,197,1168,0,118.25093841552734,-0.11922469735145569,0.0003,9.350234985351562,1.2333351373672485,1592
-5.55,1.22,1696,203,1170,0,117.03094482421875,-0.1110171526670456,0.0003,10.354862213134766,1.2342936992645264,1595
-5.55,1.22,1698,208,1172,0,123.16429138183594,-0.0970800518989563,0.0003,9.378925323486328,1.234922170639038,1597
-5.55,1.22,1700,212,1174,0,124.26448059082031,-0.1254979372024536,0.0003,10.189765930175781,1.235538125038147,1599
116.50232696533203,-5.33,1.21,-0.13676564395427704,0.0003,1702,9.419428825378418,0,1176,4,1.2361645698547363,1601
107.57341003417969,-5.34,1.21,-0.11514583230018616,0.0003,1705,8.873550415039062,0,1178,10,1.237141489982605,1604
127.85749816894531,-5.34,1.21,-0.11964552104473114,0.0003,1708,9.302492141723633,0,1180,16,1.2381235361099243,1607
127.94999694824219,-5.34,1.21,-0.13415729999542236,0.0003,1710,10.616052627563477,0,1182,21,1.2387847900390625,1609
97.14151000976562,-5.11,1.2,-0.09284085035324097,0.0003,1712,9.320255279541016,0,1184,26,1.2394499778747559,1611
113.78768157958984,-4.89,1.19,-0.14232823252677917,0.0003,1714,8.819724082946777,0,1186,31,1.2400977611541748,1613
106.42860412597656,-5.16,1.2,-0.12810760736465454,0.0003,1718,9.850345611572266,0,1188,38,1.2414238452911377,1617
114.14219665527344,-5.15,1.2,-0.11599595099687576,0.0003,1721,7.985506057739258,0,1190,44,1.2424087524414062,1620
112.926025390625,-5.15,1.2,-0.10326241701841354,0.0003,1723,8.989233016967773,0,1192,49,1.2430577278137207,1622
129.8011932373047,-5.67,1.22,-0.13249416649341583,0.0003,1727,9.805092811584473,0,1194,56,1.2443437576293945,1626
104.89192199707031,-5.92,1.23,-0.10250215232372284,0.0003,1730,9.771395683288574,0,1196,62,1.2453341484069824,1629
109.98518371582031,-5.66,1.22,-0.11424385756254196,0.0003,1732,10.079442977905273,0,1198,67,1.2459841966629028,1631
108.71780395507812,-5.66,1.22,-0.16314837336540222,0.0003,1734,10.117175102233887,0,1200,72,1.2466363906860352,1633
85.51072692871094,-5.92,1.23,-0.10854737460613251,0.0003,1737,8.815289497375488,0,1202,78,1.24765944480896,1636
104.94984436035156,-5.92,1.23,-0.11335525661706924,0.0003,1739,9.500259399414062,0,1204,83,1.2483294010162354,1638
101.2703857421875,-5.92,1.23,-0.09336251020431519,0.0003,1741,8.394052505493164,0,1206,88,1.2489914894104004,1640
91.6412353515625,-5.69,1.22,-0.11060058325529099,0.0003,1743,7.68856143951416,0,1208,93,1.2496438026428223,1642
93.75984954833984,-5.69,1.22,-0.11634577065706253,0.0003,1745,8.079636573791504,0,1210,98,1.2502951622009277,1644
89.4522705078125,-6.45,1.25,-0.13875725865364075,0.0003,1750,10.090279579162598,0,1212,106,1.25185227394104,1649
92.3341293334961,-6.48,1.25,-0.16666822135448456,0.0003,1753,10.143643379211426,0,1214,113,1.2528164386749268,1652
107.97525024414062,-6.76,1.26,-0.12990087270736694,0.0003,1756,9.530925750732422,0,1216,119,1.2538355588912964,1655
96.72640991210938,-6.76,1.26,-0.11765224486589432,0.0003,1758,9.907012939453125,0,1218,124,1.2545058727264404,1657
85.15936279296875,-6.76,1.26,-0.10967269539833069,0.0003,1760,8.561752319335938,0,1220,129,1.2551757097244263,1659
100.98029327392578,-7.02,1.27,-0.11777086555957794,0.0003,1763,8.861162185668945,0,1222,135,1.256162166595459,1662
98.80686950683594,-7.27,1.28,-0.10984064638614655,0.0003,1766,8.973824501037598,0,1224,142,1.2571173906326294,1665
97.31809997558594,-7.27,1.28,-0.1130574569106102,0.0003,1769,9.11998176574707,0,1226,148,1.2580496072769165,1668
119.59521484375,-7.78,1.3,-0.1278400719165802,0.0003,1773,8.729537963867188,0,1228,156,1.2592809200286865,1672
89.9419174194336,-7.78,1.3,-0.13238902390003204,0.0003,1775,8.578067779541016,0,1230,161,1.2599135637283325,1674
106.37248229980469,-7.78,1.3,-0.1473902463912964,0.0003,1777,9.464876174926758,0,1232,166,1.2605624198913574,1676
96.02191162109375,-8.04,1.31,-0.13281244039535522,0.0003,1780,9.975296020507812,0,1234,173,1.26155686378479,1679
81.17829132080078,-8.29,1.32,-0.10444184392690659,0.0003,1783,9.711177825927734,0,1236,179,1.262548804283142,1682
82.88306427001953,-8.54,1.33,-0.12826035916805267,0.0003,1786,9.100146293640137,0,1238,186,1.2635183334350586,1685
96.6009521484375,-8.53,1.33,-0.13540145754814148,0.0003,1789,9.032430648803711,0,1240,192,1.2644823789596558,1688
83.8459243774414,-8.27,1.32,-0.0901281088590622,0.0003,1791,8.888684272766113,0,1242,197,1.2651249170303345,1690
110.21151733398438,-8.27,1.32,-0.13919952511787415,0.0003,1793,9.424863815307617,0,1244,203,1.2657510042190552,1692
74.10721588134766,-7.99,1.31,-0.13633105158805847,0.0003,1795,9.908282279968262,0,1246,208,1.2663922309875488,1694
89.2233657836914,-7.74,1.3,-0.1265617161989212,0.0003,1797,9.531147003173828,0,1248,213,1.2670425176620483,1696
100.28187561035156,-8.02,1.31,-0.10952159017324448,0.0003,1800,9.724575996398926,0,1250,220,1.2680048942565918,1699
89.15042114257812,-8.28,1.32,-0.11531389504671097,0.0003,1803,9.544831275939941,0,1252,6,1.2689251899719238,1702
90.00468444824219,-8.86,1.34,-0.11751823872327805,0.0003,1807,8.778178215026855,0,1254,14,1.2701759338378906,1706
74.85227966308594,-8.83,1.34,-0.1260553002357483,0.0003,1810,8.313034057617188,0,1256,21,1.2711366415023804,1709
90.25328063964844,-8.59,1.33,-0.12272822856903076,0.0003,1812,8.011028289794922,0,1258,26,1.2717828750610352,1711
83.24071502685547,-9.1,1.35,-0.13581277430057526,0.0003,1816,8.558700561523438,0,1260,34,1.2730481624603271,1715
78.07119750976562,-9.07,1.35,-0.12906691431999207,0.0003,1819,8.53454303741455,0,1262,41,1.273984432220459,1718
68.3856201171875,-9.09,1.35,-0.12588492035865784,0.0003,1822,9.900466918945312,0,1264,47,1.2749271392822266,1721
82.31243896484375,-8.81,1.34,-0.09978953003883362,0.0003,1824,9.273157119750977,0,1266,53,1.2755576372146606,1723
89.78987121582031,-8.56,1.33,-0.13234484195709229,0.0003,1826,9.919848442077637,0,1268,58,1.2761740684509277,1725
87.02134704589844,-8.31,1.32,-0.1477663815021515,0.0003,1828,8.247235298156738,0,1270,63,1.2768003940582275,1727
73.34884643554688,-8.56,1.33,-0.12875385582447052,0.0003,1831,9.257905960083008,0,1272,70,1.2777724266052246,1730
81.63044738769531,-8.84,1.34,-0.0907226949930191,0.0003,1834,7.9166717529296875,0,1274,77,1.2787331342697144,1733
80.05652618408203,-8.84,1.34,-0.10546794533729553,0.0003,1836,8.439726829528809,0,1276,82,1.2793406248092651,1735
119.12142181396484,-8.83,1.34,-0.1533830612897873,0.0003,1839,9.588282585144043,0,1278,89,1.2802584171295166,1738
83.96815490722656,-8.8,1.34,-0.12644636631011963,0.0003,1842,10.060873031616211,0,1280,95,1.2812259197235107,1741
90.43389892578125,-9.07,1.35,-0.11881677806377411,0.0003,1845,9.717794418334961,0,1282,102,1.2821701765060425,1744
95.53562927246094,-9.07,1.35,-0.11819824576377869,0.0003,1847,8.96783447265625,0,1284,107,1.2827906608581543,1746
91.05342102050781,-9.32,1.36,-0.12440981715917587,0.0003,1850,8.567804336547852,0,1286,114,1.2837339639663696,1749
80.9659652709961,-8.82,1.34,-0.13558772206306458,0.0003,1852,9.212757110595703,0,1288,120,1.2843579053878784,1751
88.80558776855469,-8.82,1.34,-0.10533515363931656,0.0003,1855,8.779512405395508,0,1290,126,1.2852972745895386,1754
84.1393051147461,-9.08,1.35,-0.1458553671836853,0.0003,1858,8.545804023742676,0,1292,133,1.2862341403961182,1757
87.14859008789062,-8.82,1.34,-0.11779357492923737,0.0003,1861,8.07851791381836,0,1294,140,1.2872025966644287,1760
68.22679138183594,-8.57,1.33,-0.1511910855770111,0.0003,1863,10.45358943939209,0,1296,145,1.2878358364105225,1762
99.44181823730469,-8.57,1.33,-0.11500096321105957,0.0003,1865,7.78298282623291,0,1298,150,1.2884714603424072,1764
59.59048080444336,-8.57,1.33,-0.08704029768705368,0.0003,1867,8.105484962463379,0,1300,156,1.289097547531128,1766
116.71138000488281,-8.55,1.33,-0.16437558829784393,0.0003,1870,9.71406078338623,0,1302,162,1.2900186777114868,1769
97.19258117675781,-8.8,1.34,-0.15746335685253143,0.0003,1873,8.926908493041992,0,1304,169,1.290952444076538,1772
86.31791687011719,-8.8,1.34,-0.1421196311712265,0.0003,1875,9.397401809692383,0,1306,174,1.291583776473999,1774
103.4630126953125,-8.8,1.34,-0.15475332736968994,0.0003,1877,8.886514663696289,0,1308,180,1.2922282218933105,1776
83.89134216308594,-8.8,1.34,-0.09971728920936584,0.0003,1879,8.005354881286621,0,1310,185,1.2928847074508667,1778
77.54124450683594,-8.04,1.31,-0.15597084164619446,0.0003,1881,9.256844520568848,0,1312,190,1.2935285568237305,1780
88.17882537841797,-7.78,1.3,-0.1403224915266037,0.0003,1883,7.802626132965088,0,1314,196,1.294184684753418,1782
101.57308959960938,-7.77,1.3,-0.10937564074993134,0.0003,1886,9.474569320678711,0,1316,203,1.295157551765442,1785
117.87663269042969,-7.77,1.3,-0.11417657136917114,0.0003,1888,8.872659683227539,0,1318,208,1.2957940101623535,1787
94.96575927734375,-8.04,1.31,-0.10979069769382477,0.0003,1891,8.127378463745117,0,1320,215,1.2967356443405151,1790
111.07535552978516,-8.03,1.31,-0.11261133849620819,0.0003,1894,8.572554588317871,0,1322,222,1.2976597547531128,1793
64.59445190429688,-8.04,1.31,-0.1429373025894165,0.0003,1897,9.970329284667969,0,1324,229,1.2985739707946777,1796
70.11537170410156,-7.77,1.3,-0.18432800471782684,0.0003,1899,8.379096984863281,0,1326,234,1.2991864681243896,1798
-7.26,1.28,1901,2,1328,0,,,,,,
-7.51,1.29,1904,9,1330,0,102.9825439453125,-0.12033084034919739,0.0003,7.6976470947265625,1.3008301258087158,1803
-7.77,1.3,1907,16,1332,0,81.62590026855469,-0.12076493352651596,0.0003,8.298443794250488,1.3018155097961426,1806
-7.8,1.3,1910,23,1334,0,58.51990509033203,-0.08924544602632523,0.0003,8.514698028564453,1.302761197090149,1809
-7.55,1.29,1912,29,1336,0,85.45046997070312,-0.1643052101135254,0.0003,8.86619758605957,1.3033674955368042,1811
-7.56,1.29,1915,36,1338,0,85.5054931640625,-0.0995795801281929,0.0003,8.34943962097168,1.3043075799942017,1814
-7.54,1.29,1918,42,1340,0,65.25711822509766,-0.12773066759109497,0.0003,9.820330619812012,1.3052177429199219,1817
-7.81,1.3,1921,49,1342,0,75.55879974365234,-0.11276933550834656,0.0003,8.629719734191895,1.306134581565857,1820
-8.05,1.31,1924,56,1344,0,76.97003173828125,-0.12536613643169403,0.0003,8.870159149169922,1.3070324659347534,1823
-8.51,1.33,1928,65,1346,0,91.57225036621094,-0.10245117545127869,0.0003,8.423943519592285,1.308247685432434,1827
-9.04,1.35,1932,73,1348,0,78.61493682861328,-0.11586311459541321,0.0003,8.877798080444336,1.309455394744873,1831
-9.04,1.35,1935,80,1350,0,62.66469192504883,-0.12991760671138763,0.0003,9.252006530761719,1.3103532791137695,1834
-9.08,1.35,1938,87,1352,0,91.65017700195312,-0.14901278913021088,0.0003,8.46135139465332,1.3112461566925049,1837
-8.73,1.34,1941,94,1354,0,79.00139617919922,-0.10655678808689117,0.0003,8.61659049987793,1.3121641874313354,1840
-8.48,1.33,1943,100,1356,0,80.53057861328125,-0.11200052499771118,0.0003,9.159871101379395,1.3127690553665161,1842
-8.48,1.33,1945,105,1358,0,92.56732177734375,-0.12705522775650024,0.0003,8.529878616333008,1.3133624792099,1844
-8.2,1.32,1948,113,1360,0,89.0479736328125,-0.15459361672401428,0.0003,8.965816497802734,1.3142775297164917,1847
-7.96,1.31,1950,118,1362,0,69.83770751953125,-0.1402251422405243,0.0003,9.944756507873535,1.3148987293243408,1849
-7.69,1.3,1952,124,1364,0,89.54058074951172,-0.12373343110084534,0.0003,8.755263328552246,1.3155248165130615,1851
-7.69,1.3,1954,130,1366,0,79.20765686035156,-0.1542050987482071,0.0003,9.130537033081055,1.316145658493042,1853
-7.69,1.3,1956,136,1368,0,78.73319244384766,-0.1250765174627304,0.0003,9.563640594482422,1.3167734146118164,1855
-8.2,1.32,1960,144,1370,0,89.64671325683594,-0.11738764494657516,0.0003,8.36507511138916,1.318039894104004,1859
-7.95,1.31,1962,150,1372,0,82.14600372314453,-0.14613869786262512,0.0003,9.00274658203125,1.3186817169189453,1861
-7.67,1.3,1964,155,1374,0,69.23875427246094,-0.12477926909923553,0.0003,10.596390724182129,1.319327473640442,1863
-8.18,1.32,1968,164,1376,0,87.3785629272461,-0.14592024683952332,0.0003,9.577665328979492,1.320631980895996,1867
-8.18,1.32,1971,171,1378,0,107.4561538696289,-0.1142764613032341,0.0003,9.095401763916016,1.3216150999069214,1870
-8.2,1.32,1974,178,1380,0,100.19782257080078,-0.10029443353414536,0.0003,8.836990356445312,1.3225661516189575,1873
-8.45,1.33,1978,187,1382,0,73.62178039550781,-0.11793641746044159,0.0003,8.957130432128906,1.3237913846969604,1877
-8.45,1.33,1980,193,1384,0,66.91047668457031,-0.16034774482250214,0.0003,9.138545036315918,1.3244106769561768,1879
-8.45,1.33,1983,200,1386,0,67.94500732421875,-0.15576967597007751,0.0003,10.56013298034668,1.3253896236419678,1882
-8.45,1.33,1985,206,1388,0,94.33399963378906,-0.12612350285053253,0.0003,8.68823528289795,1.3260610103607178,1884
-8.46,1.33,1988,213,1390,0,81.83479309082031,-0.1327032744884491,0.0003,8.134683609008789,1.3270368576049805,1887
-8.2,1.32,1990,219,1392,0,88.35829162597656,-0.09386972337961197,0.0003,8.011499404907227,1.3276736736297607,1889
-7.94,1.31,1992,225,1394,0,92.90228271484375,-0.1283167600631714,0.0003,8.058551788330078,1.3282806873321533,1891
-7.94,1.31,1994,231,1396,0,51.221317291259766,-0.1257089376449585,0.0003,8.670622825622559,1.3288761377334595,1893
-7.94,1.31,1996,236,1398,0,75.87521362304688,-0.1680988073348999,0.0003,9.315425872802734,1.3294636011123657,1895
-7.94,1.31,1998,242,1400,0,57.84639358520508,-0.11587532609701157,0.0003,7.947018146514893,1.3300678730010986,1897
-7.7,1.3,2000,248,1402,0,82.29460144042969,-0.11479833722114563,0.0003,6.3956708908081055,1.3306795358657837,1899
65.98123168945312,-7.45,1.29,-0.15032726526260376,0.0003,2002,8.715354919433594,0,1404,5,1.3312995433807373,1901
50.89701843261719,-7.45,1.29,-0.16222479939460754,0.0003,2004,9.240510940551758,0,1406,11,1.3319281339645386,1903
78.14909362792969,-7.69,1.3,-0.12424257397651672,0.0003,2007,8.003836631774902,0,1408,19,1.3328574895858765,1906
72.89750671386719,-7.95,1.31,-0.14832031726837158,0.0003,2010,9.147069931030273,0,1410,26,1.3337671756744385,1909
72.49364471435547,-7.95,1.31,-0.2017309069633484,0.0003,2012,10.333308219909668,0,1412,32,1.3343875408172607,1911
64.98921966552734,-7.95,1.31,-0.12682650983333588,0.0003,2014,8.155485153198242,0,1414,38,1.3350424766540527,1913
98.40066528320312,-7.68,1.3,-0.13859161734580994,0.0003,2016,9.21225357055664,0,1416,44,1.3357009887695312,1915
52.54045486450195,-7.96,1.31,-0.11620482057332993,0.0003,2019,8.528124809265137,0,1418,51,1.3366807699203491,1918
74.37133026123047,-7.97,1.31,-0.11722436547279358,0.0003,2022,8.430431365966797,0,1420,59,1.337645173072815,1921
79.31196594238281,-8.25,1.32,-0.16119995713233948,0.0003,2026,8.350796699523926,0,1422,67,1.338921070098877,1925
76.55889129638672,-8.31,1.32,-0.12338164448738098,0.0003,2029,10.145424842834473,0,1424,75,1.3398798704147339,1928
59.41681671142578,-8.31,1.32,-0.13475477695465088,0.0003,2031,8.739134788513184,0,1426,81,1.3404996395111084,1930
66.18695068359375,-8.56,1.33,-0.13771666586399078,0.0003,2034,8.761032104492188,0,1428,88,1.3414099216461182,1933
74.92184448242188,-8.31,1.32,-0.1598297655582428,0.0003,2036,8.354719161987305,0,1430,94,1.3420103788375854,1935
83.44586181640625,-8.31,1.32,-0.14388203620910645,0.0003,2039,8.508382797241211,0,1432,102,1.3429473638534546,1938
46.87908935546875,-8.52,1.33,-0.14639748632907867,0.0003,2043,8.820547103881836,0,1434,111,1.344265103340149,1942
65.18011474609375,-8.52,1.33,-0.125811368227005,0.0003,2045,8.328134536743164,0,1436,117,1.3449299335479736,1944
99.09365844726562,-8.53,1.33,-0.12698416411876678,0.0003,2048,8.974940299987793,0,1438,125,1.3459187746047974,1947
52.73002624511719,-8.57,1.33,-0.10738587379455566,0.0003,2051,8.332813262939453,0,1440,132,1.3469021320343018,1950
72.42316436767578,-8.56,1.33,-0.11190444231033325,0.0003,2054,9.297791481018066,0,1442,140,1.3478442430496216,1953
71.52256774902344,-8.32,1.32,-0.14890776574611664,0.0003,2056,9.036378860473633,0,1444,146,1.348461627960205,1955
70.47652435302734,-7.86,1.3,-0.13135474920272827,0.0003,2058,8.528839111328125,0,1446,152,1.3490866422653198,1957
67.87277221679688,-7.33,1.28,-0.15415573120117188,0.0003,2060,8.726988792419434,0,1448,158,1.3497233390808105,1959
63.73817443847656,-7.05,1.27,-0.15770693123340607,0.0003,2062,10.213056564331055,0,1450,164,1.3503799438476562,1961
79.26002502441406,-7.03,1.27,-0.17488236725330353,0.0003,2065,9.221382141113281,0,1452,172,1.3513761758804321,1964
67.87055969238281,-6.8,1.26,-0.14943057298660278,0.0003,2067,8.803455352783203,0,1454,178,1.352057695388794,1966
61.15281677246094,-6.8,1.26,-0.1705089509487152,0.0003,2069,8.771973609924316,0,1456,184,1.3527363538742065,1968
52.4658203125,-6.8,1.26,-0.18702195584774017,0.0003,2071,9.044407844543457,0,1458,191,1.3534117937088013,1970
68.12303161621094,-6.57,1.25,-0.12280987203121185,0.0003,2073,8.540423393249512,0,1460,197,1.3540887832641602,1972
72.23051452636719,-6.57,1.25,-0.16114458441734314,0.0003,2075,8.962430953979492,0,1462,203,1.3547428846359253,1974
80.26205444335938,-6.57,1.25,-0.12552787363529205,0.0003,2077,8.619189262390137,0,1464,209,1.3553907871246338,1976
63.95990753173828,-6.89,1.26,-0.13396786153316498,0.0003,2080,8.90627670288086,0,1466,217,1.356339693069458,1979
51.984703063964844,-7.14,1.27,-0.14032353460788727,0.0003,2083,8.624929428100586,0,1468,225,1.3572837114334106,1982
61.251800537109375,-6.94,1.26,-0.1253124624490738,0.0003,2086,9.012882232666016,0,1470,232,1.3582290410995483,1985
66.77983856201172,-6.94,1.26,-0.12471003085374832,0.0003,2088,7.936785697937012,0,1472,239,1.358859896659851,1987
68.04729461669922,-7.44,1.28,-0.09596225619316101,0.0003,2092,7.662459373474121,0,1474,248,1.3601226806640625,1991
73.83931732177734,-6.93,1.26,-0.1484213024377823,0.0003,2094,8.323166847229004,0,1476,254,1.3607429265975952,1993
70.45807647705078,-6.95,1.26,-0.14183928072452545,0.0003,2097,8.423774719238281,0,1478,262,1.361674189567566,1996
82.05718994140625,-6.7,1.25,-0.11913175880908966,0.0003,2099,8.418800354003906,0,1480,269,1.3622990846633911,1998
-6.18,1.23,2101,3,1482,0,,,,,,
-6.18,1.23,2103,9,1484,0,82.86182403564453,-0.10236358642578125,0.0003,8.40571403503418,1.3635401725769043,2002
-5.93,1.22,2105,15,1486,0,57.49891662597656,-0.12028148770332336,0.0003,8.551645278930664,1.3641327619552612,2004
-6.45,1.24,2109,25,1488,0,47.892578125,-0.1700354665517807,0.0003,9.608062744140625,1.3653068542480469,2008
-6.43,1.24,2112,33,1490,0,67.48473358154297,-0.16629889607429504,0.0003,9.366660118103027,1.3662599325180054,2011
-6.43,1.24,2114,39,1492,0,65.87565612792969,-0.13120761513710022,0.0003,7.6938018798828125,1.3669160604476929,2013
-6.43,1.24,2116,46,1494,0,60.927940368652344,-0.10734646767377853,0.0003,7.782759666442871,1.3675607442855835,2015
-6.92,1.26,2120,55,1496,0,69.70698547363281,-0.1324813812971115,0.0003,9.238262176513672,1.3687883615493774,2019
-6.92,1.26,2122,62,1498,0,77.08271026611328,-0.1184384673833847,0.0003,8.15593433380127,1.369384765625,2021
-7.44,1.28,2126,71,1500,0,83.33082580566406,-0.16883544623851776,0.0003,8.692315101623535,1.3705769777297974,2025
-7.44,1.28,2128,78,1502,0,55.071617126464844,-0.16828757524490356,0.0003,9.061753273010254,1.3712047338485718,2027
-7.71,1.29,2131,86,1504,0,62.35462188720703,-0.12749221920967102,0.0003,10.455896377563477,1.3721692562103271,2030
-7.71,1.29,2133,92,1506,0,49.715538024902344,-0.12119802832603455,0.0003,8.459239959716797,1.3727974891662598,2032
-7.97,1.3,2137,102,1508,0,68.28231811523438,-0.1515549123287201,0.0003,8.974802017211914,1.3740274906158447,2036
-8.22,1.31,2141,112,1510,0,72.42376708984375,-0.10978837311267853,0.0003,8.484054565429688,1.3752715587615967,2040
-8.48,1.32,2144,120,1512,0,72.48890686035156,-0.1468195766210556,0.0003,7.84949254989624,1.3761675357818604,2043
-8.74,1.33,2147,127,1514,0,65.61157989501953,-0.15360777080059052,0.0003,8.917743682861328,1.377076506614685,2046
-8.74,1.33,2149,134,1516,0,56.971412658691406,-0.1509467512369156,0.0003,8.634899139404297,1.3776893615722656,2048
-8.7,1.33,2152,142,1518,0,80.47540283203125,-0.15486550331115723,0.0003,8.988018989562988,1.3786070346832275,2051
-8.68,1.33,2155,150,1520,0,58.862693786621094,-0.11084359139204025,0.0003,8.104081153869629,1.3795312643051147,2054
-8.15,1.31,2157,157,1522,0,68.3927993774414,-0.14448843896389008,0.0003,8.704931259155273,1.380139708518982,2056
-7.83,1.3,2159,163,1524,0,57.833824157714844,-0.16304488480091095,0.0003,9.29367446899414,1.3807508945465088,2058
-8.08,1.31,2162,171,1526,0,64.59310913085938,-0.15205588936805725,0.0003,7.765084266662598,1.381675124168396,2061
-8.07,1.31,2165,179,1528,0,61.544647216796875,-0.19770309329032898,0.0003,8.434394836425781,1.3826169967651367,2064
-8.07,1.31,2167,186,1530,0,79.64203643798828,-0.14342841506004333,0.0003,8.886746406555176,1.3832688331604004,2066
-7.81,1.3,2169,192,1532,0,69.12632751464844,-0.1624601185321808,0.0003,9.685393333435059,1.3839244842529297,2068
-7.31,1.28,2171,199,1534,0,76.40936279296875,-0.07980254292488098,0.0003,7.625850677490234,1.384586215019226,2070
-7.31,1.28,2173,206,1536,0,64.13783264160156,-0.16290278732776642,0.0003,9.008971214294434,1.3852043151855469,2072
-7.59,1.29,2177,216,1538,0,83.29649353027344,-0.18478447198867798,0.0003,9.074009895324707,1.3864843845367432,2076
-7.32,1.28,2179,222,1540,0,44.24072265625,-0.1702766716480255,0.0003,8.098518371582031,1.3871538639068604,2078
-7.06,1.27,2181,229,1542,0,61.047576904296875,-0.12446346133947372,0.0003,9.00969409942627,1.3878304958343506,2080
-7.06,1.27,2183,235,1544,0,91.44058227539062,-0.12581083178520203,0.0003,9.326563835144043,1.388500690460205,2082
-7.61,1.29,2187,245,1546,0,87.98387145996094,-0.15945008397102356,0.0003,8.141397476196289,1.3898259401321411,2086
-7.86,1.3,2190,253,1548,0,75.00735473632812,-0.137350395321846,0.0003,8.078180313110352,1.3908075094223022,2089
-7.86,1.3,2192,259,1550,0,64.9504623413086,-0.12377771735191345,0.0003,7.984865188598633,1.3914512395858765,2091
-7.82,1.3,2195,268,1552,0,76.08780670166016,-0.1363528072834015,0.0003,8.569636344909668,1.3924155235290527,2094
-8.05,1.31,2198,276,1554,0,68.8045883178711,-0.18633826076984406,0.0003,8.906572341918945,1.393377661705017,2097
-8.05,1.31,2200,282,1556,0,68.8385009765625,-0.13725483417510986,0.0003,9.380794525146484,1.3940212726593018,2099
67.2397232055664,-8.05,1.31,-0.11639459431171417,0.0003,2202,8.227582931518555,0,1558,6,1.3946534395217896,2101
64.0282211303711,-8.33,1.32,-0.13376052677631378,0.0003,2205,8.579623222351074,0,1560,15,1.3955962657928467,2104
74.25531768798828,-8.33,1.32,-0.11009737104177475,0.0003,2207,8.737486839294434,0,1562,21,1.3962345123291016,2106
59.47572326660156,-8.33,1.32,-0.1529635787010193,0.0003,2209,8.369019508361816,0,1564,28,1.396862506866455,2108
60.27696228027344,-8.01,1.31,-0.110438272356987,0.0003,2211,8.318628311157227,0,1566,35,1.3975012302398682,2110
76.2130355834961,-7.76,1.3,-0.17695961892604828,0.0003,2213,9.627009391784668,0,1568,42,1.3981285095214844,2112
84.44306945800781,-7.45,1.29,-0.1463078409433365,0.0003,2215,9.273077011108398,0,1570,48,1.398772954940796,2114
45.90631866455078,-7.45,1.29,-0.1611705720424652,0.0003,2217,9.007387161254883,0,1572,55,1.399421215057373,2116
68.48387145996094,-6.95,1.27,-0.15489374101161957,0.0003,2219,8.630205154418945,0,1574,62,1.4000756740570068,2118
67.70152282714844,-7.23,1.28,-0.16066911816596985,0.0003,2222,10.309478759765625,0,1576,70,1.4010648727416992,2121
67.66549682617188,-6.95,1.27,-0.16738319396972656,0.0003,2224,9.74291706085205,0,1578,77,1.4017179012298584,2123
61.301124572753906,-7.21,1.28,-0.1518920511007309,0.0003,2227,10.698637008666992,0,1580,85,1.4026868343353271,2126
62.99915313720703,-7.21,1.28,-0.18944470584392548,0.0003,2229,8.961750030517578,0,1582,92,1.4033297300338745,2128
56.114837646484375,-7.46,1.29,-0.12311013787984848,0.0003,2232,7.771169662475586,0,1584,101,1.4043458700180054,2131
58.662654876708984,-7.46,1.29,-0.11037705838680267,0.0003,2234,9.003561019897461,0,1586,107,1.4050202369689941,2133
67.51190948486328,-7.48,1.29,-0.13998621702194214,0.0003,2238,8.330118179321289,0,1588,117,1.4063245058059692,2137
61.10041427612305,-7.47,1.29,-0.11781473457813263,0.0003,2241,9.017269134521484,0,1590,126,1.4072914123535156,2140
82.60059356689453,-7.47,1.29,-0.1481040120124817,0.0003,2243,8.701705932617188,0,1592,133,1.407936453819275,2142
74.77400207519531,-7.47,1.29,-0.14232845604419708,0.0003,2245,8.669607162475586,0,1594,140,1.40859055519104,2144
53.705074310302734,-7.24,1.28,-0.10308068990707397,0.0003,2248,7.578711986541748,0,1596,148,1.4095580577850342,2147
47.80741882324219,-7.49,1.29,-0.1500069946050644,0.0003,2251,9.37314224243164,0,1598,157,1.4104804992675781,2150
80.03395080566406,-7.29,1.28,-0.11371367424726486,0.0003,2254,7.596711158752441,0,1600,165,1.411415696144104,2153
59.28984069824219,-7.29,1.28,-0.12470186501741409,0.0003,2256,8.500402450561523,0,1602,172,1.4120279550552368,2155
69.13652038574219,-7.02,1.27,-0.15700578689575195,0.0003,2258,9.587701797485352,0,1604,179,1.4126451015472412,2157
61.46434783935547,-7.28,1.28,-0.2132333517074585,0.0003,2261,9.364639282226562,0,1606,188,1.4135875701904297,2160
55.36583709716797,-6.78,1.26,-0.16090069711208344,0.0003,2263,9.407657623291016,0,1608,195,1.414259433746338,2162
70.09710693359375,-6.27,1.24,-0.15683850646018982,0.0003,2265,8.10460090637207,0,1610,202,1.41493558883667,2164
69.42756652832031,-6.01,1.23,-0.11076624691486359,0.0003,2267,7.89818000793457,0,1612,209,1.4156028032302856,2166
98.88618469238281,-5.75,1.22,-0.10320079326629639,0.0003,2269,8.086990356445312,0,1614,216,1.4162483215332031,2168
83.08491516113281,-5.75,1.22,-0.10959604382514954,0.0003,2271,8.094135284423828,0,1616,223,1.4168777465820312,2170
68.29360961914062,-5.51,1.21,-0.1117231473326683,0.0003,2273,7.842392921447754,0,1618,230,1.4174915552139282,2172
53.83798599243164,-5.51,1.21,-0.1846662014722824,0.0003,2276,9.128597259521484,0,1620,238,1.4183566570281982,2175
65.29911804199219,-5.77,1.22,-0.1453005075454712,0.0003,2279,8.878808975219727,0,1622,247,1.419246792793274,2178
72.38792419433594,-5.77,1.22,-0.18993841111660004,0.0003,2281,9.79469108581543,0,1624,254,1.419844627380371,2180
47.23941421508789,-5.78,1.22,-0.13215261697769165,0.0003,2284,8.267291069030762,0,1626,263,1.420783281326294,2183
65.75688171386719,-5.54,1.21,-0.1874561905860901,0.0003,2286,7.7059712409973145,0,1628,270,1.4214040040969849,2185
55.83293151855469,-5.79,1.22,-0.11110395938158035,0.0003,2289,9.572038650512695,0,1630,278,1.4223663806915283,2188
75.2789535522461,-5.79,1.22,-0.129654660820961,0.0003,2291,8.03907585144043,0,1632,285,1.422988772392273,2190
82.54545593261719,-6.36,1.24,-0.14444252848625183,0.0003,2295,7.9004669189453125,0,1634,296,1.4241786003112793,2194
83.33621215820312,-6.36,1.24,-0.124005988240242,0.0003,2297,8.565874099731445,0,1636,303,1.4247874021530151,2196
79.50653076171875,-6.05,1.23,-0.1921568512916565,0.0003,2300,8.58069133758545,0,1638,312,1.4256954193115234,2199
61.55884552001953,-6.36,1.24,-0.15012499690055847,0.0003,2303,8.989229202270508,0,1640,8,1.4266427755355835,2202
58.06351852416992,-6.59,1.25,-0.12222569435834885,0.0003,2306,7.167600631713867,0,1642,17,1.4276037216186523,2205
52.87959289550781,-6.59,1.25,-0.1382753998041153,0.0003,2308,8.644529342651367,0,1644,24,1.4282498359680176,2207
69.11454772949219,-6.04,1.23,-0.1148468554019928,0.0003,2310,8.334766387939453,0,1646,31,1.428910732269287,2209
68.86967468261719,-5.79,1.22,-0.12491150200366974,0.0003,2312,8.523212432861328,0,1648,38,1.4295532703399658,2211
82.24946594238281,-5.79,1.22,-0.14737176895141602,0.0003,2314,8.331027030944824,0,1650,45,1.430172324180603,2213
53.47321319580078,-5.82,1.22,-0.12937863171100616,0.0003,2317,8.468215942382812,0,1652,54,1.4311063289642334,2216
71.86624145507812,-5.85,1.22,-0.11433453857898712,0.0003,2320,7.802349090576172,0,1654,63,1.4320427179336548,2219
41.505348205566406,-5.85,1.22,-0.17048199474811554,0.0003,2322,9.599027633666992,0,1656,70,1.4326539039611816,2221
58.98731231689453,-6.13,1.23,-0.15738001465797424,0.0003,2325,8.618241310119629,0,1658,79,1.4335778951644897,2224
65.31297302246094,-5.85,1.22,-0.17435669898986816,0.0003,2327,8.761292457580566,0,1660,86,1.4342107772827148,2226
73.98719787597656,-6.1,1.23,-0.18509896099567413,0.0003,2330,8.84658432006836,0,1662,95,1.4351974725723267,2229
71.26306915283203,-6.1,1.23,-0.13047471642494202,0.0003,2332,9.918100357055664,0,1664,102,1.4358654022216797,2231
73.20213317871094,-6.37,1.24,-0.1326926350593567,0.0003,2335,9.187036514282227,0,1666,112,1.436814546585083,2234
44.89352035522461,-6.63,1.25,-0.1671258807182312,0.0003,2338,8.71784496307373,0,1668,121,1.4377529621124268,2237
67.38003540039062,-6.63,1.25,-0.16343002021312714,0.0003,2340,8.508440017700195,0,1670,128,1.438407301902771,2239
65.19625854492188,-6.92,1.26,-0.15080004930496216,0.0003,2343,8.827890396118164,0,1672,137,1.4393982887268066,2242
54.3609733581543,-7.18,1.27,-0.16233766078948975,0.0003,2346,9.557812690734863,0,1674,146,1.4403761625289917,2245
52.01518249511719,-6.9,1.26,-0.1624927520751953,0.0003,2348,9.672110557556152,0,1676,153,1.4410358667373657,2247
63.575408935546875,-7.12,1.27,-0.18279117345809937,0.0003,2351,9.238700866699219,0,1678,162,1.442038655281067,2250
66.88102722167969,-7.12,1.27,-0.1290483921766281,0.0003,2354,8.308491706848145,0,1680,171,1.4430639743804932,2253
63.00569152832031,-7.12,1.27,-0.19414451718330383,0.0003,2356,9.638534545898438,0,1682,179,1.4437308311462402,2255
63.54413986206055,-7.13,1.27,-0.15500706434249878,0.0003,2359,7.571755886077881,0,1684,188,1.4447293281555176,2258
70.23191833496094,-7.13,1.27,-0.1412898600101471,0.0003,2361,8.904747009277344,0,1686,195,1.4453860521316528,2260
55.99334716796875,-6.59,1.25,-0.2100425660610199,0.0003,2363,9.400579452514648,0,1688,202,1.4460338354110718,2262
74.87783813476562,-6.88,1.26,-0.15942752361297607,0.0003,2367,8.831501007080078,0,1690,213,1.447349190711975,2266
82.91635131835938,-6.88,1.26,-0.11934501677751541,0.0003,2369,8.38698959350586,0,1692,221,1.447983741760254,2268
67.94181823730469,-6.88,1.26,-0.25152480602264404,0.0003,2371,9.819536209106445,0,1694,228,1.4486172199249268,2270
61.23957061767578,-7.14,1.27,-0.1378035843372345,0.0003,2375,9.964099884033203,0,1696,239,1.4499863386154175,2274
65.88209533691406,-6.89,1.26,-0.12413382530212402,0.0003,2377,9.434349060058594,0,1698,247,1.4506512880325317,2276
65.78678894042969,-6.57,1.25,-0.140943706035614,0.0003,2379,9.636292457580566,0,1700,254,1.4512913227081299,2278
78.66202545166016,-6.83,1.26,-0.16324728727340698,0.0003,2382,8.939210891723633,0,1702,263,1.4522281885147095,2281
54.54856872558594,-6.83,1.26,-0.16025885939598083,0.0003,2384,7.516043663024902,0,1704,271,1.4528861045837402,2283
55.761680603027344,-6.57,1.25,-0.13525280356407166,0.0003,2386,8.854284286499023,0,1706,278,1.4535716772079468,2285
68.55105590820312,-6.84,1.26,-0.150007963180542,0.0003,2389,8.52338695526123,0,1708,287,1.4545753002166748,2288
77.98299407958984,-7.12,1.27,-0.17737463116645813,0.0003,2392,9.292851448059082,0,1710,296,1.4555476903915405,2291
69.33729553222656,-7.12,1.27,-0.17641909420490265,0.0003,2394,9.30257511138916,0,1712,303,1.4561996459960938,2293
91.80035400390625,-7.39,1.28,-0.11057589948177338,0.0003,2397,8.49166488647461,0,1714,313,1.4572018384933472,2296
63.769371032714844,-7.61,1.29,-0.1397896111011505,0.0003,2400,10.053797721862793,0,1716,322,1.4581595659255981,2299
47.969268798828125,-7.86,1.3,-0.15570947527885437,0.0003,2403,8.460323333740234,0,1718,9,1.4591114521026611,2302
58.64445114135742,-8.08,1.31,-0.14169970154762268,0.0003,2407,7.900275230407715,0,1720,20,1.4604476690292358,2306
69.0966796875,-8.13,1.31,-0.1774265468120575,0.0003,2410,9.35897445678711,0,1722,29,1.46144437789917,2309
65.2437973022461,-8.37,1.32,-0.22006773948669434,0.0003,2413,8.851285934448242,0,1724,39,1.4624329805374146,2312
57.5872802734375,-8.4,1.32,-0.1608685851097107,0.0003,2416,8.47400951385498,0,1726,48,1.4634960889816284,2315
58.70137405395508,-8.72,1.33,-0.11389842629432678,0.0003,2419,9.177952766418457,0,1728,58,1.4645326137542725,2318
78.13143157958984,-8.47,1.32,-0.12327871471643448,0.0003,2421,8.861685752868652,0,1730,65,1.4651508331298828,2320
59.05605697631836,-8.47,1.32,-0.17747823894023895,0.0003,2423,9.41953182220459,0,1732,73,1.4657450914382935,2322
61.81731033325195,-7.9,1.3,-0.16049747169017792,0.0003,2425,8.452579498291016,0,1734,80,1.466367483139038,2324
63.256813049316406,-7.9,1.3,-0.1962794065475464,0.0003,2427,11.399543762207031,0,1736,88,1.4670095443725586,2326
62.58436965942383,-7.66,1.29,-0.09854710102081299,0.0003,2429,8.325041770935059,0,1738,96,1.4676690101623535,2328
47.56412124633789,-7.96,1.3,-0.2016144096851349,0.0003,2433,7.7167181968688965,0,1740,107,1.46892511844635,2332
65.23667907714844,-8.27,1.31,-0.11053644120693207,0.0003,2437,9.104202270507812,0,1742,118,1.4702410697937012,2336
70.34286499023438,-8.27,1.31,-0.11991378664970398,0.0003,2439,8.636923789978027,0,1744,126,1.4708775281906128,2338
58.540714263916016,-8.27,1.31,-0.12344755977392197,0.0003,2441,8.623144149780273,0,1746,134,1.4714897871017456,2340
80.62385559082031,-8.27,1.31,-0.21771183609962463,0.0003,2443,9.464828491210938,0,1748,141,1.4720921516418457,2342
58.36888885498047,-8.27,1.31,-0.22785034775733948,0.0003,2445,9.727361679077148,0,1750,149,1.472719669342041,2344
60.17945861816406,-8.26,1.31,-0.23170208930969238,0.0003,2448,9.134786605834961,0,1752,158,1.4737088680267334,2347
60.45323944091797,-8.0,1.3,-0.14683254063129425,0.0003,2450,8.573145866394043,0,1754,166,1.474413275718689,2349
70.05929565429688,-8.25,1.31,-0.1423949897289276,0.0003,2453,9.634661674499512,0,1756,175,1.4754831790924072,2352
60.188838958740234,-8.22,1.31,-0.1636306643486023,0.0003,2456,10.148372650146484,0,1758,185,1.4765276908874512,2355
74.96031188964844,-8.5,1.32,-0.09649096429347992,0.0003,2459,7.497013568878174,0,1760,195,1.4775532484054565,2358
65.52493286132812,-8.25,1.31,-0.16551458835601807,0.0003,2461,9.161704063415527,0,1762,202,1.4782079458236694,2360
63.02411651611328,-8.25,1.31,-0.13735121488571167,0.0003,2463,7.575766563415527,0,1764,210,1.4788655042648315,2362
54.14884948730469,-7.98,1.3,-0.13463224470615387,0.0003,2465,7.5435028076171875,0,1766,218,1.479505181312561,2364
70.34021759033203,-7.72,1.29,-0.18774288892745972,0.0003,2467,9.811473846435547,0,1768,225,1.4801350831985474,2366
60.43937301635742,-7.94,1.3,-0.20927917957305908,0.0003,2470,10.545610427856445,0,1770,235,1.4810996055603027,2369
49.155853271484375,-7.65,1.29,-0.17054975032806396,0.0003,2472,9.266181945800781,0,1772,243,1.4817711114883423,2371
54.585472106933594,-7.39,1.28,-0.17412112653255463,0.0003,2474,9.311626434326172,0,1774,251,1.4824620485305786,2373
58.86713790893555,-7.64,1.29,-0.10784098505973816,0.0003,2477,7.9481000900268555,0,1776,260,1.4835002422332764,2376
68.22046661376953,-7.65,1.29,-0.1505972146987915,0.0003,2480,8.381024360656738,0,1778,270,1.4844838380813599,2379
64.46125793457031,-7.39,1.28,-0.19902443885803223,0.0003,2482,9.006426811218262,0,1780,278,1.485133171081543,2381
68.373779296875,-7.39,1.28,-0.16526079177856445,0.0003,2484,7.862898826599121,0,1782,286,1.4858102798461914,2383
61.498565673828125,-7.13,1.27,-0.0954965204000473,0.0003,2486,7.198929786682129,0,1784,294,1.4864829778671265,2385
46.048622131347656,-7.4,1.28,-0.09916377067565918,0.0003,2489,7.017770767211914,0,1786,303,1.4874327182769775,2388
57.81974792480469,-7.4,1.28,-0.14121010899543762,0.0003,2491,8.491933822631836,0,1788,311,1.4880470037460327,2390
75.77015686035156,-6.87,1.26,-0.15227678418159485,0.0003,2493,9.456487655639648,0,1790,319,1.4886752367019653,2392
43.30739974975586,-7.12,1.27,-0.1814279407262802,0.0003,2496,9.190378189086914,0,1792,329,1.4896386861801147,2395
76.15457153320312,-7.12,1.27,-0.12611070275306702,0.0003,2498,8.902175903320312,0,1794,336,1.4902912378311157,2397
